file,plate,thickness,diameter,tip_f,rest_full_f,pre_bt_f,plateau,peak_f,tilt_stab_range,tip_cv,full_cv,Tz_tip,Tz_full,tip_radial,full_radial,tip_tilt_rate,full_tilt_rate,anticipation_s,frac_remaining,depth_end_mm,tip_dur,full_dur
Bo10_P2_Force_20251205_B3.3.csv,2,10,3.3,71.57560307692307,85.15939419512196,85.1024318,95.678647,95.678647,12.999332499298276,0.12663591642246222,0.10059336678883675,-0.11308953846153845,-0.17292421739130437,6.846807657116134,7.054517892508633,5.698310978784784,2.0471871741313925,5.6381237301830165,43.197915582948035,1.9979883695769585,1.2383134396087905,4.536964634419027
Bo12_P2_Force_20251205_B3.3.csv,2,10,3.3,73.6439274047619,89.01646793529412,80.04693783333335,99.212839,99.212839,6.790749626666326,0.16156230997268484,0.086824496764015,-0.1755609523809524,-0.18003663402061856,9.106966279471626,6.415402476243405,1.0309212485810006,1.428636221467876,0.02731613179893788,0.0,1.2046094694047327,0.7643415796112822,4.0887263204739215
Bo13_P2_Force_20251205_B3.3.csv,2,10,3.3,70.69897053225806,87.015012772093,68.22994141304348,99.0159145,99.0159145,3.4100124493130153,0.13830761855656043,0.13812769461786828,-0.04859390322580645,-0.18444237394957988,4.430923966985921,7.26677626598972,6.734313013386153,3.085379725845379,0.9889614122884094,56.4178429460212,1.4186444726754788,0.6459460678628992,5.0281967657584286
Bo14_P2_Force_20251205_B3.3.csv,2,10,3.3,41.220256669856454,49.479370283018866,70.99714041666667,87.1380675,87.1380675,0.7444126655968404,0.38641414129416163,0.6162759190830226,0.025370377990430626,-0.037148601092896166,5.5306860642946845,7.2452645932062785,2.8468684529974393,1.1917068649869762,7.5554639922659845,40.05824619929007,0.6836950778960071,4.411322460671114,4.067620240358977
Bo15_P2_Force_20251205_B3.3.csv,2,10,3.3,65.56370917948719,81.05342561711711,58.82621758333334,96.668149,96.668149,7.817585649911649,0.17877452940200406,0.16678739327787295,0.010365487179487189,-0.12657418699186992,8.734894171455693,7.431153634894912,7.308016004648883,1.4542894604979384,0.6100287667636515,13.649945575148589,1.2213714816043664,0.812289327678998,5.1792421571146185
Bo16_P2_Force_20251205_B3.3.csv,2,10,3.3,67.4411833877551,85.97153947692307,75.52146122916666,96.3401665,96.3401665,5.79526486704215,0.187079543698112,0.1043735399126934,-0.0095539387755102,-0.170947301369863,11.04162854092063,12.585685066121469,3.803742871133073,1.8124315383409926,0.09615379201192287,-38.477936023392544,1.1317917923155674,1.0142323021326618,4.6729550920609215
Bo17_P2_Force_20251205_B3.3.csv,2,10,3.3,72.37264017307692,85.78427788114755,62.467553708333334,108.786411,108.786411,1.7297531160583475,0.16810634619871134,0.16359969486037956,-0.09547665384615384,-0.16110591417910447,7.38031914353113,8.806407623546574,3.6872393671597,1.7937504986580985,4.768763054544422,124.32862493574467,1.2173950672150213,0.5410834110347125,5.655237902337433
Bo18_P2_Force_20251205_B3.3.csv,2,10,3.3,63.03477876470589,76.71616212554113,74.17203536956522,87.891328,87.891328,6.8676340725422165,0.20191997221972788,0.12502664024451055,-0.08555391176470586,-0.1764141338582677,6.139348413238487,6.6754001601832265,1.9638391671086546,2.3912179718188007,-0.06993090094822563,14.962148935206177,3.2917841137173056,0.7189594321781416,5.352064262015755
Bo19_P2_Force_20251205_B3.3.csv,2,10,3.3,66.61815682142857,85.08815385398229,83.83828425,92.1150135,92.1150135,4.039959100430082,0.16492214087120446,0.0867020997686387,-0.07288935714285714,-0.181471,8.29220528406213,6.774438509234376,7.788205341279067,1.8210304097009582,-0.07576381662480536,-14.8197742913438,2.3146420717240215,0.2888720681697947,5.284684066981152
Bo1_P2_Force_20251205_B3.3.csv,2,10,3.3,47.62792934615384,61.736412794676795,63.827795374999994,66.6915755,66.6915755,10.908445581432503,0.2014082477798937,0.0889078197414778,0.008334307692307715,-0.008832407665505224,6.280211785220337,7.28419524805731,2.0507621511211243,1.8511913578042423,-0.12459226692719305,-149.9597604656608,0.2917635328406609,1.2128227273213161,8.328053034891708
Bo22_P2_Force_20251205_B3.3.csv,2,10,3.3,58.39194035714286,81.17905663207546,61.1271801,95.514,95.514,8.2280603029715,0.30510572589002577,0.19125889733426382,0.09976042857142857,-0.13755506896551722,9.968510594892871,9.379334411443933,6.850231735817269,1.7619525365658304,2.49857044791273,43.247808379447626,1.5615830094824479,0.680344117462055,5.801001316061704
Bo23_P2_Force_20251205_B3.3.csv,2,10,3.3,73.62604084374999,76.89185153125001,50.330166541666664,102.193218,102.193218,2.5812723428733904,0.12533192446370564,0.24479587455713275,0.10399196875,-0.2679246785714286,13.838415723831499,12.948230958241759,3.079782259018024,1.4244137260308465,2.6608043611789984,-5.926346158306895,0.29632967503545604,0.6654660550291043,5.891564458683002
Bo24_P2_Force_20251205_B3.3.csv,2,10,3.3,66.486684375,83.96666923958334,70.89023789999999,90.158026,90.158026,1.329845517384939,0.17496964485912864,0.0979881244332404,-0.068309,-0.2600842452830189,10.599167763745232,8.254675052809201,15.649548143730645,4.37112608813749,0.3626140083877285,-237.4496232791447,0.8241656151365129,0.3319318783875804,5.2666402783007324
Bo2_P2_Force_20251205_B3.3.csv,2,10,3.3,55.920909107142855,66.12511268939393,65.0248676,80.68929800000001,80.68929800000001,7.241353946288129,0.20244564880267937,0.11966904270617784,-0.1055782857142857,-0.07149922535211269,7.585371131930702,7.127350239705383,6.12038585455683,2.027035371789827,,,,1.3785386398087,7.008337902557754
Bo3_P2_Force_20251205_B3.3.csv,2,10,3.3,67.61944883333335,79.18901789583333,80.169757625,88.907589,88.907589,3.2609492532680093,0.14800112585888006,0.10215378482816291,-0.12075283333333332,-0.11013568055555556,6.38118093875391,9.120560584741689,2.2548432380977212,1.1476710187831587,0.030145124539073365,42.521567720425026,0.24655895521732973,0.54698255612354,5.282873109921168
Bo5_P2_Force_20251205_B3.3.csv,2,10,3.3,69.62135346666668,79.6432426875,62.6298632,92.956529,92.956529,4.148103532087205,0.1269609627599273,0.13529756314549488,-0.083626,-0.14661164150943398,5.05976328229019,7.548418979403763,5.815535692831456,1.4102250632748146,0.8618294822467316,17684.47177102764,0.0007681561479122578,1.464002395785798,5.265669308829727
Bo6_P2_Force_20251205_B3.3.csv,2,10,3.3,42.042345100000006,73.29148701923077,73.30653079999999,81.391475,81.391475,1.2945959407556415,0.3766267651301878,0.11056424531462665,-0.03036899999999999,-0.11817052631578946,5.115667706206921,8.401295713821074,5.178982246660105,2.2649167351549337,0.29679792327056376,14.813411218610177,0.9494897010799697,0.9327157456740771,5.701629809562565
Bo7_P2_Force_20251205_B3.3.csv,2,10,3.3,66.19988174999999,81.44904910638297,70.5976843,90.55414250000001,90.55414250000001,1.8801918958866537,0.17963073882245978,0.12315826173505721,-0.0009663333333332994,-0.10746811538461538,8.047197373645416,7.996045251918362,3.267834941886722,2.7748659401020888,0.2580549701389261,-97.84892615048241,0.17464337261927088,0.5407043612951961,5.163019417160922
Bo8_P2_Force_20251205_B3.3.csv,2,10,3.3,61.100942499999995,79.62004488679246,64.9753121,85.933234,85.933234,3.0988038865332186,0.1976739515001653,0.10144392407446545,0.044934,-0.06622027586206897,7.118050082287758,9.585800021044122,4.31772264026899,1.7606311227461573,0.5072955947838587,-145.1003773163756,1.0376253983847838,0.573189434316062,5.7121822696648685
Bo9_P2_Force_20251205_B3.3.csv,2,10,3.3,63.76752687499999,73.51600160344827,62.01220970000001,90.3873135,90.3873135,4.813819806237447,0.1470204615201713,0.1628848462438845,-0.05042349999999999,-0.14840900000000007,6.292274248913439,6.626557576862135,9.252677807074654,1.1886982936302886,2.583535860682847,41.766451202679285,0.8437335491179865,1.128216623289818,6.286148975993857
Bo10_P7_Force_20251205_B3.3.csv,7,4,3.3,59.00991366666667,58.12921594117647,42.8249534,82.345532,82.345532,8.137637569598496,0.18790626366827134,0.27042157242206594,-0.08653016666666667,-0.06712092307692306,7.204948835643839,8.99016478848254,7.909197374335092,1.6133326785568525,2.626785646127046,323.53414575378247,0.7238979580785065,0.5942009208017272,3.8281420571070433
Bo11_P7_Force_20251205_B3.3.csv,7,4,3.3,65.90266028571429,76.34430198648649,60.39048760869567,81.746411,81.746411,11.482847637174785,0.08464164338500915,0.1354852754936556,-0.12539664285714286,-0.08680442268041239,5.631108185958054,9.128754110611135,0.0,0.9748019563543397,0.33271313159829763,73.59895130554294,2.2063041402898413,0.29528425905169264,2.055888895682302
Bo14_P7_Force_20251205_B3.3.csv,7,4,3.3,59.96662858333334,84.140023390625,68.86207804166666,89.03583,89.03583,3.862799214749913,0.14598412028139446,0.10860577850886127,-0.011280166666666674,-0.09184219318181817,6.845440188120449,11.525551665344567,5.963053532902643,2.67714939407103,0.16048642839148597,21.5750988187613,2.648716538610624,0.4981562349109554,1.8501028701184832
Bo15_P7_Force_20251205_B3.3.csv,7,4,3.3,55.795732741935495,62.37932580219778,37.5181359375,75.983177,75.983177,6.31954426822891,0.15302730501309195,0.29001933750701814,0.05715587096774193,-0.045383765217391306,8.13610790834532,6.3135114757274104,7.4300002619795045,3.19871053556723,1.2353957501925574,43.35288004742598,0.4014968872070035,0.644944888878531,2.420983633187566
Bo16_P7_Force_20251205_B3.3.csv,7,4,3.3,53.43463894871795,58.11883274999999,35.2430852173913,83.905138,83.905138,8.283495036864934,0.21139498863274236,0.3552424418641746,0.011513538461538417,-0.0888228322147651,8.647447534979293,7.609804369980796,6.275730039979036,3.3897462607623807,1.6839420727151726,-22.10359841386138,0.5993971043476709,0.8050411208775445,3.1439747742071695
Bo17_P7_Force_20251205_B3.3.csv,7,4,3.3,60.17750780000001,59.091673305263164,31.495124249999993,86.239908,86.239908,9.086354524475396,0.13583883515905187,0.37444972395793663,-0.05851051428571429,-0.10821723529411766,11.515246175477339,6.641554377487352,6.873353589312619,2.8835605844279764,1.5274870059285721,164.65779621063047,0.38018822669999564,0.7333649677206564,2.4977595469745726
Bo18_P7_Force_20251205_B3.3.csv,7,4,3.3,54.50424926923077,66.75873557317074,37.72724891666667,83.275227,83.275227,7.750858921006639,0.20760914077483203,0.3148554496951799,-0.11078761538461537,-0.1489220471698113,7.872758069275169,7.461063750829018,4.6605589503816915,2.5107272440489945,1.0784882025620917,17.60231538730773,1.0496665659357474,0.5458228917158081,2.2268968539141056
Bo19_P7_Force_20251205_B3.3.csv,7,4,3.3,61.442048428571425,73.6461075,50.224715,85.413757,85.413757,7.304991648437152,0.13270672318005924,0.19288304526984645,-0.025486285714285715,-0.12060909523809528,7.443798173904216,6.037943183097485,9.42086703364003,3.5882585860879987,1.112153485821846,65.75318429359156,0.9920527447940253,0.649284551689649,2.0131127391328327
Bo1_P7_Force_20251205_B3.3.csv,7,4,3.3,62.66615975,50.73428100574713,51.12787839999999,78.4394925,78.4394925,6.746227676641922,0.07539500167935415,0.2818696891726068,-0.147016,0.011329441340782129,13.034679370636544,6.665871008941412,2.446065235873444,0.5548339318271314,3.728910160920007,156.670520744481,1.3007819652560149,0.19632779267655476,4.489862156769617
Bo21_P7_Force_20251205_B3.3.csv,7,4,3.3,58.21800409090909,65.55002964285715,51.4942884,80.982801,80.982801,8.992004758797762,0.2066559328819662,0.16648238531593426,0.010770909090909088,-0.12764057894736838,8.968867119823862,9.766693678660896,4.185447361936805,4.450172769043398,0.6043817473388176,-122.9559358735632,0.503842768794921,1.0131028120505943,1.8058645201668186
Bo22_P7_Force_20251205_B3.3.csv,7,4,3.3,54.86504720000001,67.18718853333334,41.557011,74.270901,74.270901,5.85744592898493,0.13200245038084882,0.21037231786617036,-0.1269677,-0.22336699999999995,11.459108521000388,9.903591545529206,9.242436365305139,2.5826337211154917,0.84692543059009,40.10045746536815,1.0536532335831683,0.9936787190220757,1.9482061198301035
Bo23_P7_Force_20251205_B3.3.csv,7,4,3.3,61.22205096,77.39659572807018,64.06554927083333,82.8837705,82.8837705,13.983697277277756,0.11712610018128529,0.11699176622238462,-0.16133672000000002,-0.26471624691358026,7.3195861857937885,10.61825750990836,11.389710359935709,2.377081960276036,0.21605659331027027,27.776720046666764,2.177596353466954,0.5099150878279535,1.6907987674592846
Bo24_P7_Force_20251205_B3.3.csv,7,4,3.3,57.86259679999999,58.19866111340206,40.43464145833334,76.181794,76.181794,8.633723175600835,0.09164955610409461,0.23648551725199599,-0.018225700000000004,-0.18242953719008265,8.1799923783369,8.442249505547268,11.835772831369397,1.450499182692945,1.434123757588745,87.61596292891369,1.3512807600595533,0.4176340322660106,2.5290222198837657
Bo25_P7_Force_20251205_B3.3.csv,7,4,3.3,49.01620245833334,57.640129840336144,40.83583358333333,67.406918,67.406918,6.956959362571894,0.16045675656406086,0.21488818654055825,-0.06863475,-0.2156996783216783,7.494310161926918,8.301657106763415,2.078131792504701,1.4372550198213814,1.3480138822623395,-14.151667104449979,2.086714812501694,0.23742551851920246,3.0189075513903028
Bo4_P7_Force_20251205_B3.3.csv,7,4,3.3,72.83341150000001,79.6134976875,44.7511588,92.162775,92.162775,9.024662682716567,,0.2458840398397896,-0.321121,-0.048595142857142844,8.986986955106033,10.842063919986206,5.203186087513389,2.8491895604700748,0.9789451453553082,9.056916444268095,2.130997805160448,0.14857999131186728,2.0803591105806096
Bo5_P7_Force_20251205_B3.3.csv,7,4,3.3,61.59744642857144,71.87659523529412,43.13224,90.328947,90.328947,6.011950596319238,0.16545620811523087,0.2847033412075682,-0.11332071428571429,-0.0995096818181818,5.934112159776008,6.229698123369196,6.185935252023019,3.0351124131920737,1.2919395274852157,123.72913832914683,1.2790997465577796,0.6313675319728462,2.192833930942914
Bo7_P7_Force_20251205_B3.3.csv,7,4,3.3,71.59605633333334,82.69051492307692,40.0063344,98.877456,98.877456,7.180263052192757,0.13167005637130338,0.3412540001627443,-0.058232833333333345,-0.10870383333333335,6.0002070941952,3.4394910905760665,3.4572312057390566,0.834006451181292,1.1668355810222577,18.044243650846717,2.402972926219993,0.5368874863042155,1.767479931074159
Bo8_P7_Force_20251205_B3.3.csv,7,4,3.3,52.60871675,65.38373322413793,47.9685205,75.81323549999999,75.81323549999999,4.813740559177219,0.17156321028264784,0.16350510711634303,-0.043545375,-0.06482426470588236,3.7528303617376797,4.6460235003970585,4.36789742188767,2.5635322362677817,0.901667673833666,-14.833733461805327,0.6587809829574909,0.74349906332816,3.3046756579949577
Bo10_P8_Force_20251205_B3.3.csv,8,4,3.3,51.59343325,68.62086811111112,47.3202032,74.838236,74.838236,3.976502347675307,0.16334156296697058,0.15573884514495473,-0.054977750000000006,-0.09811734782608694,6.118215928331279,5.932539468654047,2.0051517517753785,2.011829664214445,0.6411189431597673,46.88437978567964,0.22648153939014426,0.38864332039871896,2.242652832930261
Bo11_P8_Force_20251205_B3.3.csv,8,4,3.3,46.582152750000006,51.37990722580644,32.5965168,64.004121,64.004121,2.88044353582103,0.1666015020193287,0.2303540700030357,-0.08671875000000001,-0.11199719444444445,4.588954487948544,7.028608935882922,4.716172922327056,1.6830383553953447,1.605652523377632,34.84847107894056,3.6851311815055965,0.35598109174465375,3.5074433806926244
Bo12_P8_Force_20251205_B3.3.csv,8,4,3.3,50.137101333333334,59.72951463333335,45.809769,68.064624,68.064624,4.901567258200259,0.1300419469324274,0.14387396697889668,0.020203333333333334,-0.07330217142857144,9.14840573896616,5.452530540643626,8.43689239801784,2.689873700219507,0.6886543780630259,5.326763782439119,1.0442418352882288,0.2834203133458375,3.49138207734301
Bo13_P8_Force_20251205_B3.3.csv,8,4,3.3,57.16613314285714,63.986290884615386,43.25782159999999,77.527074,77.527074,3.5690190770774564,0.12433416111574147,0.1980257767297964,-0.04210042857142857,-0.08326759677419351,4.953470490299456,5.798740362004403,1.5686018550515626,2.526582869102038,1.4455537034190957,-1052.5088644187347,0.047438665655819,0.6078976603321753,3.047146005741114
Bo14_P8_Force_20251205_B3.3.csv,8,4,3.3,52.17502114285715,67.22003795833332,42.3953492,74.744239,74.744239,0.24765434633526695,0.2005872007387666,0.16968776928340984,-0.07946328571428571,-0.142165,4.998096703785463,8.050647021361083,7.056771345079124,2.157254368781426,0.834173425398415,30.440763968917715,1.3720060110639087,0.6307097519465485,2.836015685758394
Bo15_P8_Force_20251205_B3.3.csv,8,4,3.3,58.2861037,71.82131733333334,56.381271000000005,80.148927,80.148927,7.1314282151150366,0.15403283760022277,0.16369121576262602,-0.20455260000000003,-0.239353,9.383412745610745,9.075802884243895,2.603128039138766,1.716110882559737,0.6298112271897063,166.66151636097328,0.17152814432735974,0.9421607898560329,1.630795657502703
Bo16_P8_Force_20251205_B3.3.csv,8,4,3.3,58.25457428571429,71.778401,56.744151599999995,78.371662,78.371662,7.376353853192583,0.12030229193579473,0.11691112190772743,-0.09640057142857142,-0.13259610869565217,8.91793440533007,6.399296717465277,4.817417400704782,3.744808100617301,0.5255279028556679,23.860389814019083,1.1010967562300744,0.6519268589044092,2.2274732077266712
Bo17_P8_Force_20251205_B3.3.csv,8,4,3.3,55.930986000000004,59.9839597111111,49.89527316666666,71.543445,71.543445,5.916409037109574,0.07093940498055412,0.1535007868233892,-0.04512914285714286,-0.10647797101449274,7.113022511893521,7.146910286176738,3.8915091307140885,3.7396297324382295,0.42549342528805045,7.0123595768222575,0.6353706121439984,0.698347487253116,2.2274326743270594
Bo18_P8_Force_20251205_B3.3.csv,8,4,3.3,48.22398973333334,59.11050902752294,36.538024916666664,69.583632,69.583632,3.0614635159052312,0.11812249906660396,0.21788086207692228,0.030085733333333343,-0.06668618796992482,8.188045133741605,4.719137825602421,6.7991289691098045,1.717305978101996,3.138462169520367,108.31715409966395,0.21048168054360605,0.6342257466252158,2.799436672083389
Bo19_P8_Force_20251205_B3.3.csv,8,4,3.3,56.58576116129031,67.9432996060606,40.17146075,79.089208,79.089208,8.176157194488567,0.13803094131206695,0.24063535485981294,-0.16892793548387097,-0.13477122764227642,11.44539973066508,5.247352007988671,4.785099569251175,1.6918792542454821,0.8287123746829961,21.42846146916297,0.938356681025182,0.6518571528564705,2.583668381686979
Bo20_P8_Force_20251205_B3.3.csv,8,4,3.3,52.16703458333333,59.53340193,34.71187435416666,69.6435605,69.6435605,6.64706929270136,0.10522823077337755,0.2643962831016742,-0.04517729166666667,-0.09882916129032261,4.841827452326641,3.8193419011885537,3.7855305354687268,5.011827125811681,0.8866175265010678,1981.555174130445,0.017789212668317678,0.48996360176117326,2.5945085138980755
Bo22_P8_Force_20251205_B3.3.csv,8,4,3.3,54.29887075,67.57511311764706,30.540180199999998,81.360492,81.360492,4.116276492378745,0.21502227921273323,0.30890695373841376,0.054217625,-0.0845641818181818,5.131876885031849,8.243516305932836,6.523141101063631,1.0522453728237033,1.2442059914370414,-369.1039831352027,0.01071823768200586,0.7654692769335298,2.1450717846660434
Bo23_P8_Force_20251205_B3.3.csv,8,4,3.3,53.75302344444444,55.428330960000004,31.2554156,67.565969,67.565969,10.396784598265924,0.07983887336143208,0.26126660670343427,-0.1893547777777778,-0.19719346666666665,10.827134228758387,8.244416553788097,7.69833564008018,2.7582565417873486,1.8982325156611948,-38.56834535803337,0.5237072996183145,0.8471079316051502,3.000044401495191
Bo24_P8_Force_20251205_B3.3.csv,8,4,3.3,64.04692633333333,77.77437733333333,56.902560400000006,84.565602,84.565602,7.551362417184123,0.12424409963437878,0.16466534763722962,-0.07795266666666667,-0.17070582352941177,6.540471438687361,6.73644519619034,8.020489421681207,3.398895341503886,0.5042684823613706,-26.38608506851054,1.067237309024166,0.5343938004377036,1.6053758412943773
Bo25_P8_Force_20251205_B3.3.csv,8,4,3.3,47.404838375,56.9245712631579,38.666871199999996,66.617978,66.617978,2.4456680024245685,0.11465334505425247,0.22719155514982958,-0.21193949999999998,-0.2001426458333333,9.527046863020592,7.202050837109643,10.648288350928485,11.085657729395885,1.3152734061469094,46.92442611768748,1.5686939272652052,0.7582210657800469,2.316546799777891
Bo4_P8_Force_20251205_B3.3.csv,8,4,3.3,68.57413483333333,79.98901463372091,74.78448156521738,84.57158749999999,84.57158749999999,6.8630100853647065,0.05063105981121168,0.058794325416625756,-0.252482,-0.07073560550458714,8.8961044207499,5.642091420399445,0.0,1.4477687600092128,0.03888718332569496,12.67960011519096,0.4598864254385937,0.18026399048180552,2.296761672156297
Bo6_P8_Force_20251205_B3.3.csv,8,4,3.3,47.1634205,65.23222421052631,46.6758972,72.135625,72.135625,0.7915246326092245,0.19975319642801503,0.14472286254718103,-0.028558666666666666,-0.07652291666666666,4.282447554369171,6.339821639211931,0.2654310350523152,1.291264680871851,0.6543413138844478,191.26219419706015,0.590975584197434,0.51984508903323,2.3563042617299494
Bo7_P8_Force_20251205_B3.3.csv,8,4,3.3,57.74354459999999,73.51093066666667,63.0507514,83.48998,83.48998,7.407638458503385,0.22919699603304497,0.12434200612813401,-0.0339424,-0.03678747058823528,5.58525074246537,7.42527695718197,4.003885432642455,3.699156835386116,0.49285115453958817,-44.33266701139256,0.8418750322653212,0.9397003605485095,1.6940592691635974
Bo8_P8_Force_20251205_B3.3.csv,8,4,3.3,55.714057857142855,70.17604533333333,53.162852199999996,76.043061,76.043061,5.228707557473328,0.1869453031399181,0.13782796590574037,0.0019159999999999564,-0.107720225,6.421105476294524,7.702746539953904,12.189966448403691,3.7431008534144814,0.5321153892457646,-92.18121861081914,0.2869089311658135,0.669593084491453,1.933150936502277
Bo9_P8_Force_20251205_B3.3.csv,8,4,3.3,52.948774400000005,59.039619391304356,40.3632768,74.488629,74.488629,2.8537526436321627,0.16751696996117052,0.24799594303673173,-0.017832599999999997,-0.06847485714285714,4.863894487984742,4.537980602910663,4.482807420868333,0.8599196586690625,1.4310487941491168,-312.2411425411101,0.08658014826440352,0.45221027712873785,2.7322854236351155
