file,angle_feed_to_world_up,base_up,base_side,full_up,full_side,dev_full_up,dev_full_side
Bo10_P2_Force_20251205_B3.3.csv,74.84920543825078,0.03325575545617387,0.023263256338863447,0.22427797921028378,0.048364842236433586,0.1910222237541099,0.02510158589757014
Bo12_P2_Force_20251205_B3.3.csv,80.25937279560992,0.02461343892064078,0.011735033174132027,0.1557043028373041,0.05206907580358906,0.13109086391666333,0.040334042629457036
Bo13_P2_Force_20251205_B3.3.csv,81.75189178054949,-0.021557820195097478,0.048192539560579686,0.10504521000855124,0.04515566814556891,0.12660303020364871,-0.0030368714150107792
Bo14_P2_Force_20251205_B3.3.csv,87.1915209997118,-0.11379183729315512,0.13460377296963624,-0.008821536351369228,0.16032040118878918,0.10497030094178589,0.025716628219152937
Bo15_P2_Force_20251205_B3.3.csv,81.56063359306098,-0.04914312694252192,0.13547137115123958,0.10969912183760136,0.12714534468911676,0.15884224878012326,-0.008326026462122826
Bo16_P2_Force_20251205_B3.3.csv,79.24258945519973,-0.0035620286467754744,0.02141943342074693,0.15617924844576792,0.0675921527215827,0.15974127709254338,0.046172719300835774
Bo17_P2_Force_20251205_B3.3.csv,84.12303133082469,-0.02058252243419402,0.020309097490113625,0.06050696621939858,0.0613730906129067,0.0810894886535926,0.041063993122793074
Bo18_P2_Force_20251205_B3.3.csv,88.19060734527179,-0.0926835947634166,0.047325513177616026,0.002511948202589051,0.09120506348075327,0.09519554296600566,0.04387955030313725
Bo19_P2_Force_20251205_B3.3.csv,78.69981448090125,0.023829633989376254,0.12349826114428597,0.16467888926151225,0.17449910209552522,0.140849255272136,0.051000840951239246
Bo1_P2_Force_20251205_B3.3.csv,89.53390694720824,-0.13379303255834238,0.08048778632662527,-0.018939383334516637,0.06779984204563033,0.11485364922382574,-0.012687944280994942
Bo22_P2_Force_20251205_B3.3.csv,81.82118345571104,0.053430131109090874,0.059494262739135634,0.10341123383437138,0.04585130081099108,0.04998110272528051,-0.013642961928144556
Bo23_P2_Force_20251205_B3.3.csv,87.39074655659698,-0.07887161279131706,0.021122922032457272,-0.013121237137149997,0.10050672733674655,0.06575037565416707,0.07938380530428928
Bo24_P2_Force_20251205_B3.3.csv,84.73973849010567,-0.028267578739092945,-0.019957670736917923,0.03267714323426555,0.0057173145792578164,0.0609447219733585,0.02567498531617574
Bo2_P2_Force_20251205_B3.3.csv,86.65993366666011,-0.0639955420635565,0.07715232747900484,0.04161911381669736,0.033779034751458166,0.10561465588025386,-0.043373292727546676
Bo3_P2_Force_20251205_B3.3.csv,81.02280220352623,-0.2848471554572842,0.032411114960165965,-0.19602125979222623,0.09826783704695875,0.08882589566505794,0.06585672208679279
Bo5_P2_Force_20251205_B3.3.csv,86.07971647450341,-0.2098453593057105,0.11661197288244834,-0.10586661275113114,0.11887647196458483,0.10397874655457935,0.0022644990821364813
Bo6_P2_Force_20251205_B3.3.csv,84.33470294566729,-0.026661119693361924,0.019604573010255134,0.06486144943219203,0.04913998386195284,0.09152256912555395,0.029535410851697707
Bo7_P2_Force_20251205_B3.3.csv,88.81473489074105,-0.09440438159266223,0.21319842735057898,-0.01182231781338138,0.2198047283069995,0.08258206377928086,0.006606300956420508
Bo8_P2_Force_20251205_B3.3.csv,85.30344978743229,-0.16977177621361175,0.1131966573704973,-0.07603106039777581,0.1287511569973166,0.09374071581583594,0.01555449962681929
Bo9_P2_Force_20251205_B3.3.csv,84.61754853153542,-0.025899278300570566,-0.003933343696643388,0.06963818449789641,0.0675245932915835,0.09553746279846698,0.07145793698822689
Bo10_P7_Force_20251205_B3.3.csv,80.64574683980766,-0.0849634551530923,0.08237858390699182,0.054473176685073996,0.06990484752203864,0.1394366318381663,-0.01247373638495318
Bo11_P7_Force_20251205_B3.3.csv,67.28642795489534,0.14820448098920458,0.051200719924217576,0.28223215404479374,0.013728576557401053,0.13402767305558916,-0.03747214336681652
Bo14_P7_Force_20251205_B3.3.csv,65.47023881875386,0.2241258145313091,0.15626154105583295,0.3133403408423274,0.1454759603876019,0.08921452631101834,-0.010785580668231043
Bo15_P7_Force_20251205_B3.3.csv,77.886506683726,-0.0013807742643857574,0.3530100295521992,0.11184996474373195,0.3128757198408187,0.1132307390081177,-0.04013430971138049
Bo16_P7_Force_20251205_B3.3.csv,87.86532650143285,-0.21935049337887264,0.23728645832583822,-0.07343191868417517,0.24626384716115937,0.14591857469469746,0.008977388835321148
Bo17_P7_Force_20251205_B3.3.csv,89.25613327222409,-0.18003235441896642,0.1773978799022857,-0.060327910137073074,0.18064551987494856,0.11970444428189335,0.0032476399726628635
Bo18_P7_Force_20251205_B3.3.csv,83.91950219439308,-0.0976488520044436,0.09412711995336051,0.00034221347632917756,0.08309574949557146,0.09799106548077278,-0.011031370457789055
Bo19_P7_Force_20251205_B3.3.csv,82.417157860648,-0.0989657182784104,0.3951242986954213,0.033590880360199776,0.3480587623529089,0.1325565986386102,-0.047065536342512426
Bo1_P7_Force_20251205_B3.3.csv,67.41749881320793,0.25412932493390705,-0.06300690850491283,0.32292437470753305,-0.07780868674385488,0.068795049773626,-0.014801778238942048
Bo21_P7_Force_20251205_B3.3.csv,80.42481579874281,-0.06651179103999275,0.07340843141641495,0.04018661584906746,0.06007709016261718,0.10669840688906021,-0.013331341253797771
Bo22_P7_Force_20251205_B3.3.csv,72.16679600432961,0.15456135931976553,0.0481122438895002,0.19155782559988108,0.019514125795270818,0.03699646628011555,-0.028598118094229383
Bo23_P7_Force_20251205_B3.3.csv,61.828166957264884,0.31594229182703515,0.052091973649305845,0.3732183620377808,-0.042911247392600854,0.057276070210745655,-0.0950032210419067
Bo24_P7_Force_20251205_B3.3.csv,84.05110276349104,-0.2929719717420197,0.2742324654468692,-0.20118125978753643,0.23338312798746302,0.0917907119544833,-0.040849337459406165
Bo25_P7_Force_20251205_B3.3.csv,67.96492950611697,0.18790094079422048,0.021882322983324994,0.277560961768694,0.019067893132285067,0.08966002097447351,-0.0028144298510399263
Bo4_P7_Force_20251205_B3.3.csv,73.25424915549924,0.11688713069636636,0.14451233548600476,0.2548657489296513,0.09577466997320644,0.13797861823328494,-0.04873766551279832
Bo5_P7_Force_20251205_B3.3.csv,76.2586339824403,0.11344893014043318,0.03725453337567281,0.20672199863552376,0.005010246679186339,0.09327306849509058,-0.03224428669648647
Bo7_P7_Force_20251205_B3.3.csv,71.90633363021163,0.17526508892034187,0.08638198644823689,0.23879878437936267,0.08650714878709809,0.0635336954590208,0.0001251623388612011
Bo8_P7_Force_20251205_B3.3.csv,72.82224005124581,0.13781604714270806,0.07482911173341988,0.21789436369311335,0.10077648843113737,0.08007831655040529,0.02594737669771749
Bo10_P8_Force_20251205_B3.3.csv,65.58476496099199,0.3188289488425525,0.07091397812541111,0.35501552350189575,0.07569446996143649,0.036186574659343274,0.004780491836025372
Bo11_P8_Force_20251205_B3.3.csv,56.93134563832004,0.4204062600443839,-0.2637259611457615,0.4642595181841472,-0.25592014151548664,0.04385325813976326,0.0078058196302748795
Bo12_P8_Force_20251205_B3.3.csv,81.07491734438275,-0.2971932031568915,0.2024137581584668,-0.19768218887275096,0.16900004644256789,0.09951101428414055,-0.03341371171589891
Bo13_P8_Force_20251205_B3.3.csv,80.92820517407029,0.06297730249314229,0.10506005059416455,0.09458176974297354,0.13938301715109527,0.03160446724983125,0.03432296655693072
Bo14_P8_Force_20251205_B3.3.csv,80.88197343369036,-0.3121521584409717,-0.008014707208857693,-0.21727493660854375,-0.022652201209320974,0.09487722183242797,-0.014637494000463281
Bo15_P8_Force_20251205_B3.3.csv,86.5269596600429,-0.2026407391885842,-0.14450941713812285,-0.1186983172160192,-0.14445053086015602,0.08394242197256499,5.888627796682422e-05
Bo16_P8_Force_20251205_B3.3.csv,77.8276460740754,0.045954279119162805,0.10247714388458677,0.1386569654963446,0.12210213489514375,0.09270268637718179,0.01962499101055698
Bo17_P8_Force_20251205_B3.3.csv,74.38378259499588,0.14266001597423608,0.018384858804194593,0.19368656645149854,0.01349563776017611,0.051026550477262456,-0.0048892210440184825
Bo18_P8_Force_20251205_B3.3.csv,85.34110294300926,-0.07798461907896673,0.23407464390148822,-0.002470142546064184,0.21577491974545088,0.07551447653290254,-0.01829972415603734
Bo19_P8_Force_20251205_B3.3.csv,81.11712675562158,0.01926017007901804,0.06931138880076311,0.08881575761345326,0.08276293822428137,0.06955558753443522,0.013451549423518255
Bo20_P8_Force_20251205_B3.3.csv,78.74625587007696,0.012619067076492406,0.10921015969920632,0.1232901990025755,0.14221201736364106,0.11067113192608309,0.03300185766443474
Bo22_P8_Force_20251205_B3.3.csv,80.73186613177761,-0.03315395417286481,0.12987810441820669,0.10146551046476501,0.13620414047040488,0.13461946463762983,0.006326036052198197
Bo23_P8_Force_20251205_B3.3.csv,82.86901980789601,-0.014229130999224213,0.07014096417347272,0.019913844634859287,0.06639469327272461,0.0341429756340835,-0.003746270900748111
Bo24_P8_Force_20251205_B3.3.csv,84.57254560530507,-0.013147395331670225,0.0647528336288692,0.04845224004377421,0.06872287191015389,0.06159963537544443,0.003970038281284685
Bo25_P8_Force_20251205_B3.3.csv,82.51528224253317,0.0052269734162141805,-0.05428750113252861,0.024985988370718415,-0.02919312109168541,0.019759014954504234,0.025094380040843196
Bo4_P8_Force_20251205_B3.3.csv,89.94154393070873,-0.1426032071676196,0.30965142141916363,-0.021390526197117444,0.25312151455885934,0.12121268097050215,-0.05652990686030429
Bo6_P8_Force_20251205_B3.3.csv,64.07848076090177,0.34609544014783455,-0.1837785161603551,0.3690582473215535,-0.21111040893555152,0.022962807173718958,-0.02733189277519643
Bo7_P8_Force_20251205_B3.3.csv,72.01547760761908,0.10761938877874283,0.10045352446989089,0.24616825721534058,0.05472235810950058,0.13854886843659775,-0.04573116636039031
Bo8_P8_Force_20251205_B3.3.csv,88.59696185102672,-0.23207716976098489,0.11935388866471787,-0.08489118613225807,0.06026722495058032,0.1471859836287268,-0.05908666371413755
Bo9_P8_Force_20251205_B3.3.csv,81.73550071552438,0.0360455247368518,0.22196204571690387,0.05569089938950057,0.2008078623898798,0.019645374652648775,-0.021154183327024068
