pos_up,pos_side,tip_up,tip_side,full_up,full_side,bt_up,bt_side
-0.0347276321584383,0.19495455353893706,0.02214076720869007,0.006359850500464323,0.0,0.0,-0.014450128133272427,-0.008136723902820803
-0.07120619662704877,0.35693261530628806,0.015002860505506144,-0.011329709650395377,0.0,0.0,-0.029114282959364718,0.0200827055618243
-0.05048393081819562,0.28128801991579244,0.05353403162527892,-0.04324421419623564,0.0,0.0,-0.02462048792444299,0.0189251543925264
-0.040904678431678804,0.3695640167710958,-0.015918913427926284,0.015535777675832446,0.0,0.0,0.010407238071533542,0.00486940672873247
-0.08087207763959628,0.31102947439695855,0.04436521797487859,-0.0291311180884921,0.0,0.0,-0.023058533465098716,0.006073492294526792
-0.06130346731508737,0.20700336991248194,0.0771653581017777,0.01975164488866127,0.0,0.0,-0.026977264867250023,-0.0029670851805231185
-0.02387157203975407,0.19491233817783576,0.1296578925414349,-0.09015577190900126,0.0,0.0,0.0035519938858813854,-0.008172992057018852
-0.07682937172491824,0.3738496799828961,0.04802251884999845,-0.020926254913277195,0.0,0.0,-0.021485567057109127,0.018961709099389212
-0.18296367279438086,0.18418057702236507,0.15588939824409276,0.05000855776497358,0.0,0.0,-0.010982822649789836,-0.008899940547681104
-0.03623014102477867,0.3565627497185813,0.06146509392700292,-0.05846245780806176,0.0,0.0,-0.029670674760187282,0.006478750413283239
0.005435044685995538,0.25715782460233233,0.04566756751891134,-0.0320102411796758,0.0,0.0,-0.009461073619306704,0.021673076210791703
0.13283967733748966,0.22245076065789904,0.005137342516101012,-0.02492745572916282,0.0,0.0,-0.016449787825415035,-0.0018832363279856837
0.042247974247162604,0.26471816386456326,-0.011035352006301777,-0.04755333959490066,0.0,0.0,-0.02551247557274071,0.014301772910086608
-0.04349563162648735,0.2209782961580066,0.050473776681948024,0.012630635367671054,0.0,0.0,-0.00760496546839713,0.012083598476277983
-0.03823591518435624,0.11551138264010588,0.011597551757594131,-0.0854807500867922,0.0,0.0,0.007638421908405316,-0.01724864860500102
-0.10323104231569474,0.24610883392861888,-0.00726639002871373,-0.0007641487064426467,0.0,0.0,-0.05024655229416384,-0.009902912191295965
0.18421329259963704,0.381286883048657,0.021935700049197482,-0.05774608919299414,0.0,0.0,-0.023544455519761087,0.01627727486677119
-0.0038163121441665906,0.3394026970329824,0.052444211141867134,-0.048994461999818884,0.0,0.0,-0.00878178974566754,0.023986143552066574
0.07196116266879327,0.37176211740586756,-0.0037555637100170347,-0.02179333179106111,0.0,0.0,-0.017986900327184002,-0.0167086870759455
0.05391801274047478,0.2539923088658516,0.009308836449633567,-0.047829170708604984,0.0,0.0,-0.00014937892348590442,0.0060101077426882865
0.25714111578422433,0.3269966418411224,0.023789575772335397,-0.03963698115027872,0.0,0.0,-0.002649707012951086,0.02055513555391722
-0.019930798829448676,0.3549798018749485,0.015095066604762203,-0.02097531461707125,0.0,0.0,0.011295479680491022,0.034511038783531844
-0.10807868439990398,0.3976706867869737,0.033533403162605724,-0.029152003532618126,0.0,0.0,-0.0031778153143923876,0.0442009147991498
0.033585812849520585,0.27429712881821566,0.026149707364866548,-0.008550328443894362,0.0,0.0,-0.008803253203505279,-0.0003652954926889329
-0.05858214569235043,0.4229258079956077,0.022510905412677973,-0.07053325353557471,0.0,0.0,-0.01650675321507858,0.017105334219184837
-0.020067273502370475,0.24659290559782993,0.026006353598374138,-0.03331617111577795,0.0,0.0,-0.038714832452550196,0.037077799436890546
0.024008825064803112,0.40295311187217503,-0.007955198902703662,0.014650656881736668,0.0,0.0,-0.0028101998794983415,0.01757979529092618
-0.04952643904505899,0.24959862697388652,-0.027657065256855462,-0.05354717502228422,0.0,0.0,-0.024728764563949342,-0.00331559410231122
-0.057540116903775154,0.2947329745515769,0.08433433835712681,0.006501488217713874,0.0,0.0,-0.02273011730210489,-0.015031780476788603
-0.1574859097949527,0.347792018637448,0.06119860319205961,-0.015643749134514454,0.0,0.0,-0.016479799521105676,0.0034163566493049663
-0.40609719839409353,0.3118972982756221,0.02174868775070249,-0.003992689443589728,0.0,0.0,-0.09581869806233201,0.025648468924148835
-0.17643705308940688,0.43636990361169103,0.02853267824134431,-0.022929136565216418,0.0,0.0,-0.06194229375917781,0.03211698722255221
-0.15688456774531706,0.33105777946585563,0.05446343075452986,0.003124970141807336,0.0,0.0,-0.052444050191970876,0.05523649841703811
-0.1311717889692559,0.2925402258048008,0.06322059680077055,-0.02726611602532998,0.0,0.0,-0.048968094798330974,0.020282128938167998
-0.26649854341128376,0.32126763649899404,0.017378627103492805,-0.00505924548262604,0.0,0.0,-0.046744152216114054,0.035086973310753264
-0.016418483444700427,0.21381236619733476,0.05185395281224148,-0.12264260121347416,0.0,0.0,-0.027742248291124483,0.014361878010134943
-0.21103332286807452,0.20769987804886741,0.08645169778990747,-0.012257080434308107,0.0,0.0,-0.03030805072948839,0.019064689656600922
-0.16659272284775156,0.34527524825000133,0.07323958191294272,0.007344586072935866,0.0,0.0,-0.042089115960756096,0.031037612310884866
-0.2542202623467584,0.07839509329379038,0.07823324112744501,0.03159467599601261,0.0,0.0,-0.011478519409798937,0.0220809240399525
-0.06676904718404897,0.3609981125822525,0.06906036126698945,-0.07091362600127954,0.0,0.0,-0.02285018653644677,0.019396423569277385
-0.0173076713973144,0.28024309989822477,0.04643527558512214,-0.07249173748478191,0.0,0.0,-0.023999187359003443,0.03952262255102962
-0.08571907450691213,0.33572627879759553,-0.006627457763688005,-0.05017122622180917,0.0,0.0,-0.0361406041022983,0.038476206210910496
0.20384184840255404,-0.004383256144742165,0.018951430735241304,-0.024450268085463495,0.0,0.0,0.05414290427889401,0.03130309011406841
-0.07761462410948528,0.3629927313316528,0.047895831945996434,-0.07849707702858819,0.0,0.0,-0.023279898180778448,0.015943232825612663
0.24655753697033544,0.0257129841606901,0.0016135442484976892,-0.020449348418353143,0.0,0.0,0.06102100913202757,0.018792295682607867
-0.04509259547115618,0.30324644159927594,0.062218438304594115,-0.06159895016660033,0.0,0.0,-0.020516906336364715,0.01700528739026172
0.03426643897079408,0.4529080621239061,0.004453485915495506,0.0237598869447406,0.0,0.0,-0.007161736279291245,0.000899093732294326
-0.05442495677027173,0.3952216500686056,-0.0010469059624071964,0.016265032192339657,0.0,0.0,-0.005040028277175201,0.025843686939846955
0.10990177169022386,0.3572909030546681,0.049316490252218986,-0.04424420656640157,0.0,0.0,-0.003223958644584232,-0.008945963188306538
0.003594777890010059,0.3516695343846006,0.018447948334154196,-0.04688045557369408,0.0,0.0,0.01390881022796936,0.015831073587830098
0.03867811593619605,0.23483537997130166,-0.012682089743165502,-0.01327098890194417,0.0,0.0,0.007354996441288394,0.0014469032386111302
0.30599020056924553,0.38090095439333665,0.0221902549413876,0.04779305003611453,0.0,0.0,0.029580618674394987,0.007038297268211785
0.0027508723793098766,-0.28208195348989984,0.01757733801834599,-0.024727176602686023,0.0,0.0,-0.0017777733906186866,0.0005168327587434032
-0.1045273125341014,0.3917274457869001,0.0012452872461596182,-0.022525390058130784,0.0,0.0,-0.0090486659946378,0.02183806099532093
-0.14368876961410634,0.3909835790528431,0.02524790883420236,-0.01896803147690096,0.0,0.0,0.012924387663547865,0.005085883084273657
0.04578288128071849,0.27253804710544133,0.0814830764888921,-0.03154165732075043,0.0,0.0,-0.02042890404397461,0.018614382157853757
0.1358587722788599,0.3132341084677892,-0.020022759860848727,-0.03091849175343157,0.0,0.0,-0.031490478657883014,-0.019139122801281345
0.03468270273098833,0.22739055566200342,-0.01796476115284748,-0.07529996062720443,0.0,0.0,0.01886890667856833,0.012231561854697676
0.25022633950258205,0.0990663228312704,-0.03143941943647227,-0.028185094342819406,0.0,0.0,0.010859007735720572,0.00680655133679553
0.16251471436161824,0.500772035267974,0.0031217548209273444,0.024994912647348516,0.0,0.0,,
0.04607016973362868,0.313720442844333,-0.0036074912435732354,0.009022293119259561,0.0,0.0,0.020686316442413838,0.044644848726263175
0.10259222819711059,0.4730028394913141,0.008597089138904723,0.003227139741776037,0.0,0.0,-0.0408159383919188,-0.03170324918168872
0.06225494704642576,0.22891427952166798,-0.018172838687437416,-0.010721105963305833,0.0,0.0,-0.000644977740553887,0.005189326319496479
0.06413241367884466,0.2787375751508758,0.016490653545427225,-0.012527646616589394,0.0,0.0,-0.017044175210499283,0.002419090413261271
0.09127257610287623,0.26444811362768644,0.02130293727990242,-0.01781046146294267,0.0,0.0,-0.0017487059535846068,-0.010317285394509976
0.06166644482993869,0.300689794084298,0.018890572771430622,-0.04771943255014835,0.0,0.0,-0.010268629437210956,0.030323518646640346
0.003314420758412817,0.30217990589713395,0.010711459188931405,0.023422984779119443,0.0,0.0,0.0026469388919352355,0.010991142104184476
0.043179404743598604,0.2019577956933962,0.006898257247071937,-0.018375750380270145,0.0,0.0,0.018581935160574492,0.04307566956449371
