timestamp,rb_id,pos_x,pos_y,pos_z,quat_x,quat_y,quat_z,quat_w
407.190032243729,1,-0.510704040527344,-0.520758986473083,0.118605613708496,0.136918962001801,0.254000246524811,-0.818206250667572,0.497268259525299
407.210467338562,1,-0.510541796684265,-0.52058070898056,0.118475288152695,0.136869847774506,0.254005789756775,-0.818547606468201,0.496716737747192
407.241803646088,1,-0.510419309139252,-0.520431518554688,0.118299752473831,0.136807605624199,0.254041016101837,-0.818871438503265,0.496181815862656
407.251972675323,1,-0.510385751724243,-0.520138680934906,0.118083298206329,0.136730864644051,0.254142224788666,-0.818679213523865,0.496468305587769
407.271367788315,1,-0.510303735733032,-0.520014226436615,0.117984592914581,0.136838763952255,0.254002213478088,-0.818738222122192,0.49641290307045
407.291262149811,1,-0.510065972805023,-0.519837856292725,0.11814758181572,0.137259557843208,0.253654062747955,-0.818690955638885,0.496552646160126
407.326974153519,1,-0.509872436523438,-0.519832372665405,0.118234604597092,0.137589886784554,0.25339287519455,-0.819337904453278,0.495526432991028
407.336953163147,1,-0.509725987911224,-0.519780933856964,0.118159711360931,0.137800514698029,0.253181427717209,-0.819793283939362,0.494822353124619
407.350897312164,1,-0.509555518627167,-0.519792556762695,0.117911830544472,0.138173893094063,0.252939432859421,-0.820295393466949,0.494009166955948
407.370581388474,1,-0.509319424629211,-0.519906222820282,0.117883250117302,0.138371467590332,0.252732306718826,-0.820860862731934,0.493119835853577
407.404158592224,1,-0.509004950523376,-0.519853293895721,0.117923557758331,0.138501167297363,0.252634912729263,-0.821599662303925,0.491901516914368
407.416370391846,1,-0.508819401264191,-0.519725441932678,0.117994472384453,0.138550072908401,0.252650737762451,-0.821976840496063,0.491248995065689
407.430195093155,1,-0.508833289146423,-0.519646525382996,0.118006840348244,0.138463959097862,0.252798169851303,-0.822249948978424,0.490740120410919
407.450145721436,1,-0.508831977844238,-0.51959627866745,0.118022695183754,0.138554826378822,0.25268566608429,-0.82187557220459,0.491399049758911
407.486853837967,1,-0.509154975414276,-0.519570171833038,0.117999494075775,0.13807812333107,0.253058761358261,-0.821674406528473,0.491677582263947
407.495303153992,1,-0.509402632713318,-0.519392013549805,0.118038728833199,0.13744880259037,0.253531873226166,-0.821013212203979,0.492713749408722
407.511975288391,1,-0.509434342384338,-0.519336819648743,0.118069916963577,0.137068018317223,0.253829091787338,-0.821407616138458,0.492008775472641
407.530502080917,1,-0.509383976459503,-0.519063591957092,0.118167132139206,0.136797308921814,0.254012525081635,-0.821211934089661,0.492316067218781
407.571392297745,1,-0.509375929832458,-0.518995106220245,0.118184164166451,0.136606767773628,0.254021197557449,-0.821677803993225,0.491586595773697
407.572570085526,1,-0.509297609329224,-0.51874452829361,0.118252277374268,0.136626124382019,0.254003077745438,-0.821655631065369,0.491627663373947
407.590386152267,1,-0.509302020072937,-0.518516004085541,0.118298560380936,0.13622459769249,0.254263311624527,-0.821693062782288,0.491542041301727
407.610437631607,1,-0.509364306926727,-0.518087685108185,0.118405252695084,0.134972169995308,0.255204558372498,-0.821620047092438,0.491521745920181
407.63555598259,1,-0.50688236951828,-0.49670135974884,0.126263797283173,0.176806479692459,0.313838720321655,-0.804398596286774,0.47242745757103
407.650678396225,1,-0.506685495376587,-0.495950609445572,0.126523613929749,0.176802039146423,0.31575071811676,-0.805713176727295,0.468901723623276
407.670781373978,1,-0.506684422492981,-0.496689766645432,0.126192301511765,0.174030125141144,0.313025385141373,-0.80852210521698,0.466926842927933
407.691037416458,1,-0.50665807723999,-0.497386157512665,0.125851452350616,0.172054052352905,0.309855610132217,-0.810750067234039,0.465909063816071
407.735079526901,1,-0.506771624088287,-0.498791337013245,0.12514528632164,0.169131472706795,0.304799914360046,-0.813650012016296,0.465258121490479
407.736572027206,1,-0.50666469335556,-0.499094128608704,0.124930858612061,0.168705403804779,0.302332192659378,-0.81523996591568,0.464238703250885
407.750772237778,1,-0.506666481494904,-0.500040352344513,0.124504506587982,0.167286276817322,0.298336923122406,-0.817446827888489,0.463455826044083
407.771115541458,1,-0.506809949874878,-0.501931369304657,0.123739659786224,0.164164081215858,0.29190781712532,-0.820354998111725,0.46352744102478
407.811940670013,1,-0.506841480731964,-0.503169476985931,0.123209796845913,0.161598697304726,0.28616800904274,-0.822000622749329,0.465090036392212
407.814146995544,1,-0.506576001644135,-0.502289474010468,0.123445279896259,0.162415057420731,0.285295277833939,-0.82173877954483,0.465803921222687
407.830747127533,1,-0.506400763988495,-0.501994132995605,0.123454995453358,0.161687538027763,0.283348977565765,-0.82273530960083,0.465485870838165
407.853116750717,1,-0.506301879882812,-0.502070367336273,0.123344793915749,0.158983007073402,0.28061231970787,-0.824754297733307,0.464501321315765
407.895640134811,1,-0.506280422210693,-0.501670837402344,0.123453363776207,0.157201498746872,0.280009120702744,-0.826366543769836,0.462602347135544
407.897581338882,1,-0.506254196166992,-0.500992298126221,0.123625233769417,0.155925735831261,0.279354631900787,-0.826782882213593,0.462685734033585
407.909977436066,1,-0.506183385848999,-0.500431776046753,0.123691216111183,0.155147209763527,0.277762234210968,-0.82686573266983,0.463757038116455
407.93105006218,1,-0.506169617176056,-0.500898718833923,0.123398140072823,0.15228545665741,0.273024499416351,-0.827722609043121,0.465985089540482
407.975157976151,1,-0.506119012832642,-0.500807344913483,0.12324683368206,0.150608286261559,0.270851105451584,-0.828552544116974,0.466323345899582
407.977055311203,1,-0.506100356578827,-0.500727295875549,0.123145803809166,0.148779049515724,0.269090592861176,-0.829744100570679,0.465810984373093
407.990510225296,1,-0.506051361560822,-0.500664889812469,0.123046658933163,0.147109851241112,0.267547637224197,-0.831331372261047,0.464397698640823
408.012100934982,1,-0.505810916423798,-0.499747633934021,0.12325944006443,0.147408857941628,0.268576145172119,-0.832895815372467,0.460892856121063
408.030340194702,1,-0.505652070045471,-0.49949038028717,0.12325656414032,0.146527692675591,0.267546832561493,-0.834827184677124,0.458270609378815
408.056689500809,1,-0.505638778209686,-0.499721497297287,0.123111099004745,0.145423635840416,0.264274805784225,-0.836460113525391,0.457542926073074
408.070657730103,1,-0.505585610866547,-0.499717026948929,0.122994363307953,0.145635038614273,0.260699540376663,-0.837362587451935,0.457875669002533
408.091028690338,1,-0.505487322807312,-0.500132083892822,0.122751817107201,0.145829230546951,0.255341380834579,-0.838249564170837,0.459208309650421
408.119716882706,1,-0.505817115306854,-0.502279102802277,0.121958091855049,0.142068430781364,0.245444864034653,-0.840733528137207,0.461238145828247
408.139176130295,1,-0.505765557289124,-0.502164006233215,0.121749401092529,0.141097649931908,0.241182282567024,-0.841092348098755,0.463126569986343
408.150764226913,1,-0.505620241165161,-0.501818299293518,0.121620565652847,0.139371946454048,0.238762646913528,-0.842386484146118,0.462550401687622
408.170825242996,1,-0.505389511585236,-0.501300156116486,0.121621206402779,0.137696877121925,0.237972259521484,-0.844123125076294,0.46028795838356
408.191167354584,1,-0.50549191236496,-0.501396358013153,0.121496930718422,0.134299173951149,0.235961362719536,-0.846385836601257,0.458167165517807
408.224123954773,1,-0.504993200302124,-0.499254494905472,0.12189108133316,0.136216551065445,0.239040181040764,-0.846569240093231,0.455659449100494
408.231981754303,1,-0.504825830459595,-0.499372810125351,0.121753171086311,0.134625300765038,0.236478194594383,-0.849110424518585,0.452731400728226
408.25080704689,1,-0.504658699035645,-0.499575674533844,0.121554598212242,0.133427172899246,0.234636947512627,-0.85329806804657,0.446122169494629
408.271018028259,1,-0.504522264003754,-0.501203179359436,0.121226623654366,0.129934087395668,0.229064643383026,-0.859440982341766,0.438187003135681
408.306825399399,1,-0.504178702831268,-0.500308156013489,0.121403753757477,0.129828035831451,0.22790715098381,-0.861352503299713,0.435057282447815
408.311398506165,1,-0.503876328468323,-0.50016176700592,0.121277421712875,0.129364192485809,0.223421916365623,-0.862517118453979,0.435214638710022
408.332007408142,1,-0.503814339637756,-0.500651001930237,0.12093523144722,0.128447040915489,0.216010972857475,-0.863065123558044,0.438131362199783
408.351488113403,1,-0.504097104072571,-0.50162011384964,0.120535105466843,0.126424923539162,0.207645997405052,-0.864460587501526,0.440008670091629
408.39731502533,1,-0.504291713237762,-0.502305388450623,0.120129644870758,0.125368148088455,0.200578942894936,-0.865248501300812,0.442036181688309
408.398103952408,1,-0.50446343421936,-0.502560913562775,0.119885146617889,0.124744266271591,0.194649323821068,-0.866718113422394,0.441984564065933
408.410644769669,1,-0.504579663276672,-0.502886950969696,0.11977843940258,0.123561903834343,0.189337596297264,-0.86732417345047,0.443432688713074
408.429988861084,1,-0.504411339759827,-0.50322300195694,0.119574785232544,0.122678272426128,0.185298666357994,-0.866616606712341,0.446755319833755
408.458262681961,1,-0.504245400428772,-0.503134489059448,0.119413927197456,0.122114680707455,0.183107987046242,-0.866062700748444,0.448881804943085
408.478697061539,1,-0.504221677780151,-0.503291964530945,0.119286641478539,0.120650269091129,0.180590555071831,-0.865706145763397,0.450980514287949
408.491813182831,1,-0.504498839378357,-0.504078328609467,0.119121938943863,0.117512665688992,0.176592841744423,-0.865064561367035,0.454608827829361
408.511483430862,1,-0.504914999008179,-0.504660427570343,0.118987038731575,0.114315271377563,0.17349861562252,-0.864703059196472,0.457295328378677
408.530856847763,1,-0.505347907543182,-0.50482302904129,0.118920981884003,0.111430712044239,0.171549677848816,-0.865034759044647,0.45811453461647
408.565598011017,1,-0.505175590515137,-0.504632949829102,0.118812710046768,0.109271854162216,0.170987129211426,-0.865291237831116,0.458360224962234
408.577925205231,1,-0.505011379718781,-0.504654765129089,0.118608392775059,0.106416456401348,0.171463534235954,-0.867067754268646,0.455487966537476
408.59101319313,1,-0.505097925662994,-0.504871726036072,0.118612825870514,0.103335469961166,0.17072394490242,-0.868890821933746,0.452994525432587
408.610829591751,1,-0.504646360874176,-0.503604054450989,0.118826046586037,0.106553383171558,0.170812129974365,-0.867403090000153,0.455062210559845
408.650971651077,1,-0.504618763923645,-0.503970265388489,0.118703275918961,0.108143508434296,0.166078448295593,-0.865358173847198,0.460302293300629
408.653121948242,1,-0.504903197288513,-0.504853308200836,0.118525862693787,0.108416542410851,0.159950584173203,-0.863946735858917,0.465035289525986
408.671216249466,1,-0.504964470863342,-0.505586683750153,0.118292838335037,0.108511716127396,0.154260277748108,-0.863351285457611,0.468031853437424
408.690802574158,1,-0.504858374595642,-0.505903601646423,0.118048101663589,0.107699356973171,0.150020822882652,-0.863537847995758,0.469251543283463
408.737144470215,1,-0.504885375499725,-0.5059814453125,0.117898106575012,0.105048172175884,0.146486058831215,-0.864121496677399,0.469894289970398
408.73890042305,1,-0.505011677742004,-0.505776226520538,0.117794148623943,0.101969175040722,0.143473893404007,-0.864270567893982,0.47122597694397
408.750644207001,1,-0.504867672920227,-0.505075752735138,0.117794647812843,0.101197108626366,0.139245077967644,-0.862410128116608,0.476044863462448
408.770426988602,1,-0.504984200000763,-0.505398809909821,0.117523044347763,0.0987813994288445,0.131903067231178,-0.861558973789215,0.480166614055634
408.793546438217,1,-0.505193173885345,-0.506741762161255,0.117194339632988,0.093962088227272,0.12245636433363,-0.862020969390869,0.482799559831619
408.825039863586,1,-0.505226612091064,-0.507698357105255,0.116986200213432,0.0901980921626091,0.115274839103222,-0.862513840198517,0.484402716159821
408.841224193573,1,-0.504539906978607,-0.50647634267807,0.117018893361092,0.0912452340126038,0.112025000154972,-0.861343622207642,0.487044274806976
408.857757329941,1,-0.504075348377228,-0.506069958209991,0.117058716714382,0.0927348136901855,0.106592141091824,-0.860784947872162,0.488965839147568
408.876930236816,1,-0.503509998321533,-0.506353974342346,0.116958290338516,0.0947607085108757,0.0987234860658646,-0.859912395477295,0.491756945848465
408.917868852615,1,-0.50362765789032,-0.507452189922333,0.116951495409012,0.0931644514203072,0.0904093310236931,-0.86034095287323,0.492909848690033
408.921471357346,1,-0.503520131111145,-0.507994949817657,0.116738945245743,0.092122457921505,0.0845052674412727,-0.859863579273224,0.494981706142426
408.930543899536,1,-0.503491580486298,-0.508512794971466,0.116659916937351,0.0901576653122902,0.0787801891565323,-0.858266830444336,0.499042391777039
408.950616359711,1,-0.503832697868347,-0.50966078042984,0.116475686430931,0.0859902650117874,0.0728443488478661,-0.856316030025482,0.504006206989288
408.971015691757,1,-0.503894746303558,-0.509948313236237,0.116418175399303,0.0831103920936584,0.0689605847001076,-0.853417932987213,0.509916484355927
408.989014863968,1,-0.503920614719391,-0.510029196739197,0.116456344723701,0.0807265490293503,0.0656765028834343,-0.850223004817963,0.51603364944458
409.020161867142,1,-0.504263699054718,-0.510071396827698,0.116192236542702,0.0780986249446869,0.063670888543129,-0.848179578781128,0.520036578178406
409.029465198517,1,-0.504414677619934,-0.510149598121643,0.116068877279758,0.0755290165543556,0.0620776079595089,-0.847289323806763,0.522056043148041
409.050251960754,1,-0.504461944103241,-0.510623633861542,0.116116642951965,0.0722338780760765,0.0602525025606155,-0.848405718803406,0.520922064781189
409.069015026093,1,-0.50456166267395,-0.510633409023285,0.116071373224258,0.069913350045681,0.0603992864489555,-0.850804090499878,0.517297387123108
409.089595794678,1,-0.504437625408173,-0.510260879993439,0.11592161655426,0.068608470261097,0.060998547822237,-0.852682709693909,0.514299809932709
409.118478536606,1,-0.504445731639862,-0.509669065475464,0.115815073251724,0.0675017535686493,0.0616348497569561,-0.853129863739014,0.513628482818604
409.129614114761,1,-0.504491686820984,-0.509864211082458,0.115856438875198,0.0648862197995186,0.0600213445723057,-0.853427290916443,0.513662457466125
409.149418830872,1,-0.504419982433319,-0.509667694568634,0.115770369768143,0.0626604408025742,0.0599230565130711,-0.854068756103516,0.512883484363556
409.180567264557,1,-0.50439453125,-0.509258508682251,0.115626484155655,0.0602931827306747,0.0610510036349297,-0.854547023773193,0.512237131595612
409.189499139786,1,-0.504562258720398,-0.509511053562164,0.115636587142944,0.0563722774386406,0.060296680778265,-0.854759514331818,0.512418508529663
409.210613012314,1,-0.504711747169495,-0.509583055973053,0.115505024790764,0.0534222759306431,0.0603392422199249,-0.854114592075348,0.513802945613861
409.256652593613,1,-0.504965543746948,-0.509893298149109,0.115430220961571,0.049896027892828,0.0592607259750366,-0.852872252464294,0.516340374946594
409.270454406738,1,-0.505240678787231,-0.508732736110687,0.114933833479881,0.0479785799980164,0.0604993216693401,-0.851362407207489,0.518864154815674
409.291176319122,1,-0.505361557006836,-0.508231997489929,0.11475608497858,0.0476300790905952,0.0603330209851265,-0.850231111049652,0.520767092704773
409.310745477676,1,-0.505521178245544,-0.507806301116943,0.114696398377419,0.0472376123070717,0.059833824634552,-0.848954260349274,0.522939026355743
409.340650320053,1,-0.505604863166809,-0.507864594459534,0.114654183387756,0.0463482439517975,0.0586874186992645,-0.848212063312531,0.524351060390472
409.351919651031,1,-0.505607724189758,-0.507929444313049,0.114658191800117,0.0454160086810589,0.0579925924539566,-0.847994744777679,0.524861097335815
409.372746706009,1,-0.505556046962738,-0.508075594902039,0.11459731310606,0.0443862527608871,0.0577657669782639,-0.848322153091431,0.524444997310638
409.391409873962,1,-0.505577623844147,-0.50867760181427,0.114698372781277,0.0420437268912792,0.0565734729170799,-0.849179446697235,0.523379445075989
409.426785469055,1,-0.505530536174774,-0.509636700153351,0.114885821938515,0.0388030968606472,0.0542732737958431,-0.849489688873291,0.52336984872818
409.438249588013,1,-0.505598723888397,-0.510450124740601,0.115073010325432,0.035286583006382,0.0518899820744991,-0.849535167217255,0.52378648519516
409.451046705246,1,-0.505534887313843,-0.511011898517609,0.11518257856369,0.0326380394399166,0.0502774082124233,-0.849534153938293,0.524117052555084
409.470941066742,1,-0.505661189556122,-0.510954916477203,0.115124203264713,0.0307452343404293,0.051081258803606,-0.850264847278595,0.522967517375946
409.509705543518,1,-0.505905151367188,-0.510896146297455,0.115163266658783,0.0287760924547911,0.0520852282643318,-0.851315915584564,0.521268129348755
409.513419628143,1,-0.506003856658936,-0.511185348033905,0.115220658481121,0.0273029189556837,0.0520046167075634,-0.851533532142639,0.520999789237976
409.530487060547,1,-0.505750477313995,-0.511114239692688,0.1151522397995,0.0282099191099405,0.0521246157586575,-0.850518345832825,0.522595226764679
409.551233768463,1,-0.505931735038757,-0.511165738105774,0.115145534276962,0.0284040402621031,0.0521945394575596,-0.849995136260986,0.523428380489349
409.570789575577,1,-0.506175816059113,-0.511515557765961,0.115143060684204,0.0277052018791437,0.0519561693072319,-0.849844336509705,0.523734331130981
409.601933240891,1,-0.505934178829193,-0.511391043663025,0.115009486675262,0.0289853848516941,0.0522334016859531,-0.849605739116669,0.524024486541748
409.611504077911,1,-0.505102455615997,-0.510319709777832,0.114777252078056,0.0332656763494015,0.053939014673233,-0.849207580089569,0.524242877960205
409.630200862885,1,-0.50449937582016,-0.508907794952393,0.114620044827461,0.0371664687991142,0.0568554811179638,-0.848897933959961,0.524174094200134
409.651202201843,1,-0.50455778837204,-0.50979471206665,0.114653274416924,0.0353292748332024,0.0543038137257099,-0.84910124540329,0.524242222309113
409.671484947205,1,-0.506028592586517,-0.511868178844452,0.115055650472641,0.0279736369848251,0.0498806871473789,-0.849936008453369,0.523773014545441
409.698090791702,1,-0.506941854953766,-0.51247102022171,0.115112632513046,0.0239187683910131,0.049187395721674,-0.849759519100189,0.524325609207153
409.710669517517,1,-0.506030380725861,-0.511368274688721,0.114490389823914,0.0274935383349657,0.0506375543773174,-0.849631190299988,0.52422022819519
409.730852603912,1,-0.505243182182312,-0.510531365871429,0.114419758319855,0.0295897293835878,0.0508911311626434,-0.850235223770142,0.523101031780243
409.776155471802,1,-0.504810571670532,-0.510804295539856,0.114642575383186,0.0283560752868652,0.0494423285126686,-0.849066257476807,0.525202631950378
409.778133869171,1,-0.504675209522247,-0.51113098859787,0.114793285727501,0.0273161977529526,0.0470256060361862,-0.847934663295746,0.527303814888
409.791533708572,1,-0.505006372928619,-0.511218786239624,0.114584386348724,0.0253799967467785,0.0463851690292358,-0.847531139850616,0.528105318546295
409.810535907745,1,-0.505886256694794,-0.511187255382538,0.114481523633003,0.021651741117239,0.0479478165507317,-0.847975552082062,0.527417957782745
409.836436271667,1,-0.505972027778625,-0.511485397815704,0.114230088889599,0.0196770951151848,0.048166312277317,-0.84831702709198,0.526926100254059
409.864121437073,1,-0.506220519542694,-0.511947333812714,0.114380493760109,0.0155575172975659,0.0476909056305885,-0.848628222942352,0.526605844497681
409.87239408493,1,-0.506381034851074,-0.512758374214172,0.114713922142982,0.010044920258224,0.046488594263792,-0.849246025085449,0.525850772857666
409.891448020935,1,-0.506068885326385,-0.51340639591217,0.11465448141098,0.00515748234465718,0.0458741039037704,-0.849696636199951,0.52524721622467
409.910748958588,1,-0.506612718105316,-0.513665437698364,0.114576585590839,-0.00115226290654391,0.0475831367075443,-0.850450038909912,0.523898184299469
409.943450927734,1,-0.50728440284729,-0.513862133026123,0.114713534712791,-0.00873744580894709,0.0497028715908527,-0.850870788097382,0.522945702075958
409.953331947327,1,-0.507438957691193,-0.513575196266174,0.114757344126701,-0.0142501397058368,0.0527304075658321,-0.851073145866394,0.52219831943512
409.969067811966,1,-0.507340431213379,-0.512846052646637,0.114506885409355,-0.0179606694728136,0.0568920932710171,-0.851062834262848,0.521663427352905
409.99272441864,1,-0.508096814155579,-0.512202084064484,0.114166989922523,-0.0228029806166887,0.0619895234704018,-0.850977897644043,0.521031677722931
410.010097980499,1,-0.508397161960602,-0.511970937252045,0.11419577896595,-0.0276177953928709,0.0641357228159904,-0.850503027439117,0.521314203739166
410.030558347702,1,-0.508000373840332,-0.512412369251251,0.114023000001907,-0.0314997136592865,0.0637539848685265,-0.850089430809021,0.521815359592438
410.062645435333,1,-0.508120834827423,-0.512960016727448,0.114386096596718,-0.0372127443552017,0.062591090798378,-0.849134206771851,0.523133635520935
410.068976402283,1,-0.508319854736328,-0.512076795101166,0.114201158285141,-0.0396721735596657,0.0654614344239235,-0.848921239376068,0.522947132587433
410.090490102768,1,-0.510614514350891,-0.512472569942474,0.11400032043457,-0.0501698032021523,0.0687294080853462,-0.849062860012054,0.521394014358521
410.129732131958,1,-0.507869005203247,-0.510566651821136,0.112602695822716,-0.041805062443018,0.0690023824572563,-0.849523067474365,0.521345973014832
410.130932331085,1,-0.510520339012146,-0.512873947620392,0.114134646952152,-0.0572365485131741,0.068345382809639,-0.849491357803345,0.520016610622406
410.149508476257,1,-0.508611261844635,-0.512001574039459,0.113267213106155,-0.0512211732566357,0.0667769089341164,-0.848514497280121,0.522437036037445
410.170304059982,1,-0.509133458137512,-0.512103199958801,0.113326698541641,-0.0551792271435261,0.0678425505757332,-0.847561001777649,0.523443579673767
410.197632074356,1,-0.510491132736206,-0.51422393321991,0.114042714238167,-0.0650960803031921,0.0638596266508102,-0.845791637897491,0.525662481784821
410.209722995758,1,-0.509576857089996,-0.513007760047913,0.113531485199928,-0.0631831809878349,0.0654037296772003,-0.84559839963913,0.526016652584076
410.230427265167,1,-0.511157870292664,-0.514259696006775,0.113886624574661,-0.0724315196275711,0.0642458945512772,-0.845180034637451,0.525639533996582
410.266721487045,1,-0.50957864522934,-0.513212621212006,0.11319987475872,-0.0683486983180046,0.0632754191756248,-0.844030439853668,0.528145134449005
410.271338701248,1,-0.510850310325623,-0.513681769371033,0.11355260014534,-0.075390487909317,0.0627439618110657,-0.841671705245972,0.531006693840027
410.290038347244,1,-0.510275065898895,-0.514736652374268,0.113628342747688,-0.0772242471575737,0.0564885661005974,-0.83835357427597,0.536664545536041
410.309996128082,1,-0.510287284851074,-0.513846039772034,0.113261520862579,-0.077892392873764,0.0568606406450272,-0.837451875209808,0.537935018539429
410.33890080452,1,-0.511573195457458,-0.514333844184875,0.11339382827282,-0.0834902226924896,0.0562092922627926,-0.835978090763092,0.539453983306885
410.351010322571,1,-0.51041305065155,-0.513167321681976,0.112608224153519,-0.0787782296538353,0.0553552694618702,-0.835114538669586,0.541584253311157
410.372199296951,1,-0.510963559150696,-0.514825284481049,0.113201797008514,-0.0843427553772926,0.0496446453034878,-0.833391845226288,0.543948352336884
410.390904188156,1,-0.510778844356537,-0.51557844877243,0.113200649619102,-0.0849837735295296,0.0446379780769348,-0.829962730407715,0.549497246742249
410.422814846039,1,-0.510354697704315,-0.514411270618439,0.112755060195923,-0.0823804661631584,0.0444481447339058,-0.827676594257355,0.553343713283539
410.435789346695,1,-0.511403799057007,-0.516345500946045,0.113334268331528,-0.0900283008813858,0.039092380553484,-0.825341522693634,0.556037783622742
410.451255083084,1,-0.510976612567902,-0.516772568225861,0.113330587744713,-0.0912182107567787,0.0354570560157299,-0.823758721351624,0.558429598808289
410.471344709396,1,-0.510507941246033,-0.516458630561829,0.113235399127007,-0.0918589681386948,0.0347255505621433,-0.823718786239624,0.558429598808289
410.502860069275,1,-0.511969387531281,-0.516773462295532,0.113197222352028,-0.0978593379259109,0.0361972153186798,-0.823113441467285,0.558209240436554
410.516511201859,1,-0.511393249034882,-0.515689551830292,0.112515211105347,-0.0955127328634262,0.0378840453922749,-0.822777688503265,0.558998286724091
410.531177759171,1,-0.5112144947052,-0.515706181526184,0.112587258219719,-0.0971575453877449,0.0380014441907406,-0.822766304016113,0.558723568916321
410.550967931747,1,-0.511929988861084,-0.516612648963928,0.113084308803082,-0.101538516581059,0.0374150760471821,-0.822268664836884,0.558716833591461
410.587434530258,1,-0.510981321334839,-0.514923214912415,0.112128779292107,-0.0948566943407059,0.0408883579075336,-0.823029577732086,0.558527231216431
410.590097427368,1,-0.511433005332947,-0.514743685722351,0.112212434411049,-0.0948560684919357,0.0428504683077335,-0.82346373796463,0.557739675045013
410.609417915344,1,-0.511826038360596,-0.51539009809494,0.112589761614799,-0.0958622768521309,0.0422149002552032,-0.823500037193298,0.557562589645386
410.633095979691,1,-0.510814547538757,-0.514928340911865,0.112209275364876,-0.0909407436847687,0.042050663381815,-0.824709117412567,0.556611657142639
410.649250268936,1,-0.51116669178009,-0.515750169754028,0.11264830082655,-0.0920991450548172,0.040954701602459,-0.82539039850235,0.555491805076599
410.670858621597,1,-0.511343419551849,-0.516387462615967,0.112941205501556,-0.0916611328721046,0.0395899638533592,-0.825015902519226,0.556219041347504
410.690131664276,1,-0.510648846626282,-0.515578150749207,0.112489312887192,-0.0861777141690254,0.0413360632956028,-0.826449334621429,0.554838836193085
410.71560549736,1,-0.511124193668365,-0.51468962430954,0.112141713500023,-0.0838875621557236,0.0457839109003544,-0.827527761459351,0.553231060504913
410.729422330856,1,-0.511558473110199,-0.515633583068848,0.112640000879765,-0.0848973840475082,0.0444975756108761,-0.828083515167236,0.552349627017975
410.766861200333,1,-0.510266065597534,-0.516597390174866,0.112607233226299,-0.0810600966215134,0.0406081415712833,-0.829105973243713,0.55169153213501
410.775495767593,1,-0.510425686836243,-0.517066776752472,0.112983912229538,-0.0802444443106651,0.040196031332016,-0.83025598526001,0.550109207630157
410.790815353394,1,-0.511216938495636,-0.517264842987061,0.113162860274315,-0.0798488855361938,0.0414137616753578,-0.830292224884033,0.550021827220917
410.810045957565,1,-0.510211169719696,-0.517049431800842,0.112604767084122,-0.072531446814537,0.0404075793921947,-0.831440925598145,0.549374639987946
410.840934038162,1,-0.509716808795929,-0.516875863075256,0.112627916038036,-0.0678920075297356,0.0400566011667252,-0.832585453987122,0.548258662223816
410.849165678024,1,-0.510844886302948,-0.515680074691772,0.112301968038082,-0.0647835060954094,0.0453277193009853,-0.833263635635376,0.547192931175232
410.870576858521,1,-0.509983897209167,-0.515683829784393,0.112163290381432,-0.058524876832962,0.0430023968219757,-0.83315896987915,0.548244178295135
410.907067537308,1,-0.508646786212921,-0.516246616840363,0.11245384067297,-0.0534385666251183,0.0381813049316406,-0.834098398685455,0.547691941261292
410.915686368942,1,-0.509305715560913,-0.516238868236542,0.112464658915997,-0.0523835122585297,0.0393905527889729,-0.834580540657043,0.546973347663879
410.931054592133,1,-0.509911179542542,-0.516787827014923,0.11272194236517,-0.0521767698228359,0.0384078957140446,-0.834298431873322,0.547492921352386
410.962246894836,1,-0.508616268634796,-0.515998244285583,0.112127400934696,-0.0446575842797756,0.0382748059928417,-0.834868967533112,0.547297418117523
410.977084636688,1,-0.508404612541199,-0.514514029026031,0.111661851406097,-0.0396401584148407,0.0422925241291523,-0.835882425308228,0.545839250087738
410.990392684937,1,-0.509943425655365,-0.514609336853027,0.111942321062088,-0.0419032461941242,0.0443778075277805,-0.836569845676422,0.544449806213379
411.010794639587,1,-0.508774876594543,-0.513647317886353,0.111421182751656,-0.0347724780440331,0.0445132739841938,-0.835881471633911,0.545996010303497
411.030483007431,1,-0.507552623748779,-0.513386309146881,0.111392356455326,-0.0297291297465563,0.0427586659789085,-0.836794257164001,0.545035064220428
411.056757688522,1,-0.508902072906494,-0.513206660747528,0.111236266791821,-0.0309967622160912,0.0464713610708714,-0.837002515792847,0.544340252876282
411.070372581482,1,-0.509294033050537,-0.513604700565338,0.111457392573357,-0.0302164610475302,0.0457426123321056,-0.83726304769516,0.544045209884644
411.092822790146,1,-0.507535457611084,-0.513182163238525,0.111166447401047,-0.0227687414735556,0.0441271588206291,-0.837792158126831,0.543726682662964
411.119946718216,1,-0.507622063159943,-0.513908743858337,0.111477345228195,-0.0231588333845139,0.0429354533553123,-0.838342845439911,0.542956292629242
411.131659984589,1,-0.508821070194244,-0.514940440654755,0.111851245164871,-0.0264084413647652,0.0422121547162533,-0.838533222675323,0.542570531368256
411.151432037354,1,-0.507491707801819,-0.513468146324158,0.111276060342789,-0.0182568859308958,0.0433864779770374,-0.838228285312653,0.543284237384796
411.178473711014,1,-0.506957590579987,-0.513439178466797,0.11137267947197,-0.015534876845777,0.0418868772685528,-0.838460505008698,0.543128252029419
411.199365854263,1,-0.508624732494354,-0.514569103717804,0.11167050153017,-0.0200842991471291,0.0411723107099533,-0.838085114955902,0.543612718582153
411.21063709259,1,-0.507804930210114,-0.513757705688477,0.111192941665649,-0.0138528849929571,0.0408300533890724,-0.837523341178894,0.544697761535645
411.230945825577,1,-0.506639301776886,-0.513431906700134,0.111199304461479,-0.00842368695884943,0.0384515561163425,-0.837990939617157,0.544262528419495
411.250904560089,1,-0.50784432888031,-0.514321029186249,0.111299380660057,-0.0118603827431798,0.0379683524370193,-0.838348805904388,0.543681025505066
411.285723924637,1,-0.50791609287262,-0.514548420906067,0.111289896070957,-0.0113061396405101,0.0362112559378147,-0.837992608547211,0.544361293315887
411.2908847332,1,-0.50693678855896,-0.513653337955475,0.111081130802631,-0.00777775887399912,0.0364381112158298,-0.838080406188965,0.544272780418396
411.310436487198,1,-0.50679886341095,-0.513345241546631,0.110907599329948,-0.00905795209109783,0.0377441011369228,-0.839289486408234,0.54229736328125
411.334689617157,1,-0.508018374443054,-0.514118492603302,0.110878795385361,-0.0154776098206639,0.03907785192132,-0.839992523193359,0.540967643260956
411.363038063049,1,-0.507622361183167,-0.513469278812408,0.110622853040695,-0.0145461810752749,0.0409651882946491,-0.840889155864716,0.539458632469177
411.370920181274,1,-0.506852030754089,-0.512694776058197,0.110667988657951,-0.0131967952474952,0.0429714694619179,-0.841790497303009,0.537929475307465
411.390205621719,1,-0.508575022220612,-0.514379322528839,0.111084878444672,-0.0210492741316557,0.0425017438828945,-0.842280507087708,0.536948919296265
411.410415410995,1,-0.507686853408813,-0.513752043247223,0.110678732395172,-0.0165109131485224,0.0426109731197357,-0.841681838035583,0.538036584854126
411.445943832397,1,-0.506768047809601,-0.512907981872559,0.110513374209404,-0.0117498366162181,0.0436516515910625,-0.842067539691925,0.537474393844604
411.457625389099,1,-0.507825076580048,-0.51278680562973,0.110466346144676,-0.0133651122450829,0.0459275543689728,-0.842022657394409,0.537317216396332
411.470208883286,1,-0.508453965187073,-0.514295399188995,0.110791742801666,-0.0166114885360003,0.0420601554214954,-0.841097056865692,0.538990497589111
411.491394042969,1,-0.507173180580139,-0.515024900436401,0.110710144042969,-0.0138513082638383,0.0377070046961308,-0.840934693813324,0.539643585681915
411.527996301651,1,-0.507146000862122,-0.515956282615662,0.11094769090414,-0.0158091299235821,0.0351052731275558,-0.841496586799622,0.538888871669769
411.531057357788,1,-0.508305430412292,-0.515781164169312,0.110837884247303,-0.0188926625996828,0.0377980396151543,-0.841233372688293,0.539018511772156
411.550929784775,1,-0.507741510868073,-0.515322625637054,0.110681168735027,-0.0173009186983109,0.0384957678616047,-0.8412926197052,0.53892993927002
411.571208715439,1,-0.506858825683594,-0.515202343463898,0.110781006515026,-0.016012629494071,0.0384536869823933,-0.842381238937378,0.537269771099091
411.615035533905,1,-0.508250772953033,-0.515618324279785,0.110824331641197,-0.0212492924183607,0.0418407283723354,-0.842822074890137,0.536142587661743
411.618006229401,1,-0.508483171463013,-0.515379250049591,0.110864475369453,-0.0219211503863335,0.0434467121958733,-0.842824697494507,0.535983622074127
411.630129098892,1,-0.50681871175766,-0.513413369655609,0.110158577561378,-0.0145531045272946,0.0463544055819511,-0.843499004840851,0.534928858280182
411.649871110916,1,-0.507616460323334,-0.514661550521851,0.110500931739807,-0.0201939474791288,0.045042097568512,-0.843639075756073,0.534636974334717
411.670693397522,1,-0.508963942527771,-0.515848219394684,0.110940992832184,-0.0264458004385233,0.0435231253504753,-0.843335092067719,0.534969449043274
411.703533887863,1,-0.507666110992432,-0.514086067676544,0.11029776930809,-0.020374258980155,0.0452301055192947,-0.842388570308685,0.536582410335541
411.714530944824,1,-0.507256031036377,-0.513834178447723,0.110282070934772,-0.0197211802005768,0.0444842576980591,-0.84231972694397,0.536777198314667
411.730482816696,1,-0.508787333965302,-0.51441091299057,0.110327482223511,-0.0243104957044125,0.0452469699084759,-0.842110574245453,0.536853432655334
411.750066757202,1,-0.508304595947266,-0.513174593448639,0.109812594950199,-0.0195877626538277,0.0474108196794987,-0.841597437858582,0.537663698196411
411.782850265503,1,-0.507343232631683,-0.512358844280243,0.109650067985058,-0.0146131087094545,0.0480570644140244,-0.841829657554626,0.537401080131531
411.793990373611,1,-0.508005559444427,-0.513922214508057,0.109982043504715,-0.0176618881523609,0.0459996499121189,-0.841713666915894,0.537671089172363
411.810995101929,1,-0.508589506149292,-0.514164686203003,0.11006236821413,-0.0174436923116446,0.0467355698347092,-0.841513454914093,0.53792816400528
411.830156326294,1,-0.507432699203491,-0.512171924114227,0.109506666660309,-0.00915352813899517,0.0506786555051804,-0.841168940067291,0.538314700126648
411.863165140152,1,-0.506892800331116,-0.51248836517334,0.109559446573257,-0.00750437099486589,0.0495712459087372,-0.842136323451996,0.536928951740265
411.875050783157,1,-0.508374869823456,-0.51481431722641,0.110063128173351,-0.0147205973044038,0.0463422276079655,-0.842332720756531,0.536759912967682
411.891699790955,1,-0.50767570734024,-0.512819588184357,0.109562829136848,-0.00815032515674829,0.0497527532279491,-0.841706156730652,0.537577033042908
411.910399436951,1,-0.506342172622681,-0.511674404144287,0.109238222241402,-0.00230591208674014,0.0502474084496498,-0.841855466365814,0.537354111671448
411.95098567009,1,-0.506978213787079,-0.512809336185455,0.109380953013897,-0.00589973526075482,0.0484508164227009,-0.842208027839661,0.536938786506653
411.954473972321,1,-0.507989585399628,-0.514500200748444,0.109785825014114,-0.0112539557740092,0.045192439109087,-0.842066586017609,0.537359178066254
411.970070838928,1,-0.507036983966827,-0.512349486351013,0.109374031424522,-0.00490503339096904,0.0486246906220913,-0.841432750225067,0.538147449493408
411.991963386536,1,-0.50693953037262,-0.512654900550842,0.109485059976578,-0.00551160844042897,0.0475376807153225,-0.841583132743835,0.538003385066986
412.030948638916,1,-0.508034467697144,-0.514800667762756,0.109876953065395,-0.0119634084403515,0.0434736385941505,-0.841781079769135,0.537932693958282
412.033981084824,1,-0.507470488548279,-0.513983011245728,0.109619922935963,-0.00905472505837679,0.0445354767143726,-0.841464698314667,0.538397431373596
412.050340652466,1,-0.506857454776764,-0.512122809886932,0.109345458447933,-0.00519127584993839,0.0486385114490986,-0.841886699199677,0.537432909011841
412.070087432861,1,-0.506672859191895,-0.510802209377289,0.108755677938461,-0.00256967567838728,0.0530196204781532,-0.842368066310883,0.536281883716583
412.094504833221,1,-0.508131265640259,-0.514581859111786,0.109410777688026,-0.0127781368792057,0.0459111481904984,-0.842870712280273,0.536001741886139
412.115652322769,1,-0.508041441440582,-0.513386726379395,0.109430178999901,-0.0104143656790257,0.0489526726305485,-0.841830670833588,0.537416398525238
412.130605459213,1,-0.506458163261414,-0.510628938674927,0.108695521950722,-0.00106588413473219,0.0538589954376221,-0.84195864200592,0.536846101284027
412.150193691254,1,-0.50751531124115,-0.51354706287384,0.109171241521835,-0.00866351462900639,0.048028327524662,-0.842397630214691,0.536641836166382
412.19598698616,1,-0.508339881896973,-0.515407145023346,0.109822794795036,-0.0138520896434784,0.044049609452486,-0.842391192913055,0.536884546279907
412.199107170105,1,-0.506589889526367,-0.512640953063965,0.108877152204514,-0.00410606432706118,0.0486579239368439,-0.842319071292877,0.536762714385986
412.210956096649,1,-0.506587088108063,-0.512564301490784,0.108758941292763,-0.00421844888478518,0.0488559007644653,-0.843001782894135,0.535670936107635
412.230295658112,1,-0.5081986784935,-0.515005946159363,0.109473958611488,-0.0124963391572237,0.0450664162635803,-0.842341542243958,0.536911189556122
412.250298500061,1,-0.506926536560059,-0.512840151786804,0.10878124833107,-0.00450606644153595,0.0482377260923386,-0.841907560825348,0.53744250535965
412.287549972534,1,-0.506271839141846,-0.512471497058868,0.108694292604923,-0.00237320503219962,0.0482068508863449,-0.842059433460236,0.537221014499664
412.291772127151,1,-0.507791519165039,-0.514671266078949,0.109187670052052,-0.00990201067179441,0.0458127073943615,-0.841886520385742,0.537615299224854
412.313590049744,1,-0.50753927230835,-0.51289165019989,0.108740404248238,-0.00495164282619953,0.0500255078077316,-0.842014193534851,0.53710812330246
412.331746816635,1,-0.506429314613342,-0.510464012622833,0.108303442597389,0.00215701595880091,0.0543962679803371,-0.841413259506226,0.537643313407898
412.375719070435,1,-0.50700718164444,-0.512616574764252,0.108707115054131,-0.0034214393235743,0.0493061356246471,-0.841657817363739,0.537744700908661
412.376905918121,1,-0.507950723171234,-0.515011668205261,0.109128713607788,-0.0103048076853156,0.0434994101524353,-0.841310024261475,0.538701355457306
412.391306400299,1,-0.507204174995422,-0.513771772384644,0.108905389904976,-0.00700275273993611,0.0447022989392281,-0.840891182422638,0.539309442043304
412.411261081696,1,-0.506350159645081,-0.512309014797211,0.108731105923653,-0.0029771844856441,0.0469280742108822,-0.840546727180481,0.539694309234619
412.430487632751,1,-0.506554663181305,-0.513005137443542,0.108568236231804,-0.00454484997317195,0.0459052100777626,-0.840260624885559,0.54021680355072
412.462440729141,1,-0.507856845855713,-0.514306545257568,0.1087476760149,-0.00997717212885618,0.0443914979696274,-0.840361297130585,0.540113687515259
412.473813295364,1,-0.50773811340332,-0.513395428657532,0.108714208006859,-0.0075314836576581,0.0465710870921612,-0.840171456336975,0.540265083312988
412.490149736404,1,-0.506319642066956,-0.51185667514801,0.108421951532364,-0.000472504587378353,0.0486560128629208,-0.839409530162811,0.541316866874695
412.511828184128,1,-0.50633692741394,-0.512762069702148,0.108548283576965,-0.00170350505504757,0.046731349080801,-0.83938056230545,0.54152899980545
412.536539793015,1,-0.507788956165314,-0.514055252075195,0.108675375580788,-0.00738552631810308,0.0456806682050228,-0.839649617671967,0.541153788566589
412.552456855774,1,-0.507981538772583,-0.514129996299744,0.108696512877941,-0.00816625449806452,0.045702401548624,-0.839574635028839,0.541256964206696
412.570325613022,1,-0.506752133369446,-0.512221217155457,0.108310207724571,-0.00217505777254701,0.0485730580985546,-0.839126348495483,0.541759073734283
412.590906143188,1,-0.506186306476593,-0.512772798538208,0.108452513813972,-0.00301423179917037,0.0456229075789452,-0.838944435119629,0.542293071746826
412.613998174667,1,-0.507392406463623,-0.514073550701141,0.10857480764389,-0.00835748389363289,0.0437683537602425,-0.839242458343506,0.541928589344025
412.63729095459,1,-0.508054673671722,-0.514096856117249,0.108614377677441,-0.00955111999064684,0.045175813138485,-0.838292896747589,0.543261468410492
412.650772094727,1,-0.507275342941284,-0.512869954109192,0.108278095722198,-0.00478281546384096,0.0467454195022583,-0.838546812534332,0.542799472808838
412.670816898346,1,-0.506262958049774,-0.512300252914429,0.108346819877625,-0.00118660065345466,0.0463242493569851,-0.83861255645752,0.54275381565094
412.690870285034,1,-0.506340384483337,-0.512858331203461,0.108386255800724,-0.00204428238794208,0.0455778539180756,-0.838601529598236,0.542831480503082
412.721123933792,1,-0.507642507553101,-0.513678014278412,0.108308330178261,-0.00616742158308625,0.0464398264884949,-0.839170813560486,0.541846573352814
412.732896089554,1,-0.507916927337646,-0.513250708580017,0.10823929309845,-0.00555451726540923,0.0482869409024715,-0.838711082935333,0.542403101921082
412.7514295578,1,-0.507656216621399,-0.51307338476181,0.108294382691383,-0.00486193504184484,0.0483688153326511,-0.839129030704498,0.541755795478821
412.770660638809,1,-0.506899058818817,-0.512172698974609,0.108372509479523,-0.00234634801745415,0.0492295064032078,-0.83861893415451,0.54248434305191
412.804019451141,1,-0.506018877029419,-0.511762499809265,0.108062818646431,6.49587600491941e-05,0.0485647358000278,-0.838602662086487,0.542574465274811
412.815733194351,1,-0.506307184696198,-0.512239813804626,0.107979789376259,-0.00139454042073339,0.047806654125452,-0.838123500347137,0.543379783630371
412.830421686172,1,-0.507312893867493,-0.513283431529999,0.108059912919998,-0.00547835044562817,0.0467769466340542,-0.838605642318726,0.542699158191681
412.850118875504,1,-0.50787764787674,-0.513221740722656,0.10804209113121,-0.00623898208141327,0.0477655678987503,-0.838183522224426,0.543256819248199
412.89289355278,1,-0.50758284330368,-0.513139128684998,0.108179077506065,-0.0053674834780395,0.046762153506279,-0.838505566120148,0.542856454849243
412.895957231522,1,-0.506561577320099,-0.51244068145752,0.108275458216667,-0.00146959011908621,0.0465864054858685,-0.838878214359283,0.542320072650909
412.910398244858,1,-0.506387650966644,-0.512543678283691,0.108027964830399,-0.000406145700253546,0.0467626303434372,-0.839135408401489,0.54190868139267
412.929970502853,1,-0.507523357868195,-0.513415038585663,0.107912957668304,-0.00463977456092834,0.0470808371901512,-0.838853538036346,0.542297601699829
412.95009970665,1,-0.507780611515045,-0.513378858566284,0.108032494783401,-0.00523123564198613,0.047494187951088,-0.83953195810318,0.541205227375031
412.9916472435,1,-0.506814956665039,-0.512012004852295,0.108037382364273,-0.000671985617373139,0.0494618713855743,-0.838726460933685,0.542301654815674
412.993370056152,1,-0.506194591522217,-0.512299299240112,0.107949838042259,0.00014950601325836,0.0475813001394272,-0.83912605047226,0.541851878166199
413.010385751724,1,-0.506849586963654,-0.513113677501678,0.107904732227325,-0.00289078406058252,0.0468362420797348,-0.839195609092712,0.541801452636719
413.030127048492,1,-0.507669389247894,-0.513342916965485,0.108035072684288,-0.00535006122663617,0.0476819388568401,-0.838949203491211,0.542090475559235
413.07145857811,1,-0.507509708404541,-0.51337593793869,0.108024820685387,-0.00498731061816216,0.0469273626804352,-0.83911919593811,0.541896760463715
413.072967529297,1,-0.506885409355164,-0.512693405151367,0.108078263700008,-0.00220659398473799,0.0472325049340725,-0.838597357273102,0.542695879936218
413.090483665466,1,-0.506281852722168,-0.511665761470795,0.107914343476295,0.00133351632393897,0.0490629188716412,-0.838528454303741,0.542642593383789
413.109982967377,1,-0.506613850593567,-0.512462496757507,0.10789854824543,-0.000693939975462854,0.047799676656723,-0.838666319847107,0.542543649673462
413.137761354446,1,-0.507588624954224,-0.513173580169678,0.107821896672249,-0.00387975992634892,0.047867625951767,-0.839010238647461,0.541992247104645
413.157633066177,1,-0.507870674133301,-0.512866079807281,0.107716597616673,-0.0034287516027689,0.0494001321494579,-0.83903968334198,0.541812062263489
413.170259952545,1,-0.506989598274231,-0.51157534122467,0.107585340738297,0.00136752449907362,0.0508872792124748,-0.838696002960205,0.542215645313263
413.19308257103,1,-0.506589710712433,-0.511552035808563,0.107677668333054,0.00206190277822316,0.0498547106981277,-0.838135361671448,0.543175458908081
413.210949897766,1,-0.506453096866608,-0.511697709560394,0.10759636759758,0.00221642549149692,0.0491999499499798,-0.83844405412674,0.54275780916214
413.244879961014,1,-0.50735342502594,-0.512170851230621,0.107443079352379,-0.000162237862241454,0.0497343167662621,-0.838375806808472,0.542819142341614
413.256831169128,1,-0.507763922214508,-0.511767387390137,0.107377350330353,-0.000439652212662622,0.051389291882515,-0.838081300258636,0.543119430541992
413.270943164825,1,-0.506933569908142,-0.510560572147369,0.107181258499622,0.00375363882631063,0.0524796992540359,-0.838098406791687,0.542975962162018
413.290991067886,1,-0.506733417510986,-0.510905027389526,0.107303664088249,0.00368893565610051,0.0510086826980114,-0.837928056716919,0.543379545211792
413.331080675125,1,-0.50652688741684,-0.51065981388092,0.107159473001957,0.00487379869446158,0.0516777150332928,-0.838200271129608,0.542886734008789
413.345240354538,1,-0.507235050201416,-0.511239349842072,0.107052743434906,0.00261137168854475,0.0518329963088036,-0.838728189468384,0.542071580886841
413.351714134216,1,-0.507443487644196,-0.51123321056366,0.107130870223045,0.0021317396312952,0.0526328608393669,-0.838801741600037,0.541882753372192
413.372617483139,1,-0.506867349147797,-0.510769844055176,0.107192330062389,0.00420270347967744,0.0528718233108521,-0.83892023563385,0.541664004325867
413.418562173843,1,-0.506621658802032,-0.510349571704865,0.10711070895195,0.00540812080726027,0.0537674091756344,-0.838337004184723,0.542467296123505
413.421125411987,1,-0.506659269332886,-0.510383009910583,0.106887742877007,0.00543811824172735,0.0540037825703621,-0.838266253471375,0.542553067207336
413.434262037277,1,-0.507176637649536,-0.510898888111115,0.106970146298409,0.00321760191582143,0.0534088499844074,-0.838498651981354,0.542270481586456
413.451393127441,1,-0.507992744445801,-0.511100709438324,0.106956884264946,0.000667476386297494,0.0543390810489655,-0.83833646774292,0.54243791103363
413.472526550293,1,-0.507072627544403,-0.509955883026123,0.106685794889927,0.00543799763545394,0.0555574186146259,-0.838735222816467,0.541670799255371
413.489691734314,1,-0.506430089473724,-0.509590804576874,0.106776833534241,0.0075185620225966,0.055353756994009,-0.837898790836334,0.542959630489349
413.508976697922,1,-0.50690746307373,-0.510996758937836,0.107023164629936,0.00354922562837601,0.0522904321551323,-0.838430464267731,0.542482793331146
413.529525995255,1,-0.507098078727722,-0.51143354177475,0.10698701441288,0.00269385427236557,0.0516242496669292,-0.838502168655396,0.54244065284729
413.549159049988,1,-0.507264137268066,-0.511189997196198,0.106868363916874,0.00294581195339561,0.0526917427778244,-0.838125884532928,0.542917966842651
413.577873706818,1,-0.507239937782288,-0.511146545410156,0.106985621154308,0.00274214684031904,0.0528291501104832,-0.838628828525543,0.542128443717957
413.589681386948,1,-0.5069620013237,-0.511165976524353,0.107153341174126,0.00327142770402133,0.0521743074059486,-0.838713943958282,0.542057394981384
413.609000205994,1,-0.506257593631744,-0.51037061214447,0.106927677989006,0.00658759661018848,0.0529646500945091,-0.838454186916351,0.542352378368378
413.629700422287,1,-0.506696462631226,-0.511601746082306,0.106869220733643,0.00367973558604717,0.0504627302289009,-0.838936448097229,0.541872382164001
413.650206804276,1,-0.507321536540985,-0.511900901794434,0.106901861727238,0.00203619385138154,0.0506088733673096,-0.838857769966125,0.541989207267761
413.670743942261,1,-0.507169783115387,-0.511206924915314,0.106843963265419,0.00407857494428754,0.052511990070343,-0.838729977607727,0.541994273662567
413.689918756485,1,-0.506663978099823,-0.510307729244232,0.106805950403214,0.00658830953761935,0.0540782175958157,-0.838425278663635,0.542286992073059
413.709080219269,1,-0.506288886070251,-0.51020359992981,0.106646999716759,0.00752387335523963,0.0537537410855293,-0.839079618453979,0.541294097900391
413.742168426514,1,-0.506841361522675,-0.511225819587708,0.10665176063776,0.00456751976162195,0.0522920489311218,-0.839132845401764,0.541387856006622
413.750077724457,1,-0.507869184017181,-0.511648595333099,0.106820166110992,0.00110111851245165,0.053211685270071,-0.83828216791153,0.542632818222046
413.770017147064,1,-0.507189869880676,-0.510252952575684,0.106506340205669,0.0052717374637723,0.0553656034171581,-0.838887453079224,0.541456162929535
413.802988529205,1,-0.506091237068176,-0.509135723114014,0.106312826275826,0.00987125560641289,0.0560782961547375,-0.838471233844757,0.541962862014771
413.813004016876,1,-0.506735146045685,-0.511140584945679,0.106538310647011,0.00459153624251485,0.0517214685678482,-0.838635385036469,0.542212665081024
413.82980632782,1,-0.507450044155121,-0.51143217086792,0.106639519333839,0.00263135298155248,0.0520794466137886,-0.838761687278748,0.541995942592621
413.856459379196,1,-0.5070840716362,-0.51072883605957,0.106463760137558,0.0054300120100379,0.0537063926458359,-0.83784419298172,0.54323399066925
413.873276948929,1,-0.506289839744568,-0.510134220123291,0.106428593397141,0.00843007769435644,0.0532797574996948,-0.838159680366516,0.542751014232635
413.890439510345,1,-0.506247222423553,-0.510475099086761,0.106477215886116,0.0076055065728724,0.0521620437502861,-0.838333904743195,0.542602717876434
413.910253047943,1,-0.506573915481567,-0.5112424492836,0.106512770056725,0.00584956677630544,0.0510047897696495,-0.837959825992584,0.543311715126038
413.95454454422,1,-0.506981611251831,-0.511294424533844,0.106475658714771,0.00479147071018815,0.0514946207404137,-0.838261544704437,0.542810320854187
413.956621408463,1,-0.507324635982513,-0.511040925979614,0.106429763138294,0.00412402488291264,0.0528568513691425,-0.837738692760468,0.543491542339325
413.971046686172,1,-0.506644427776337,-0.510189175605774,0.106241703033447,0.00728245172649622,0.0535353124141693,-0.838289439678192,0.542541921138763
413.990458011627,1,-0.505805850028992,-0.509246945381165,0.106127768754959,0.0111566800624132,0.0548650845885277,-0.837919414043427,0.542914927005768
414.015641689301,1,-0.506630182266235,-0.511621236801147,0.106373220682144,0.00507717253640294,0.0502043254673481,-0.837905585765839,0.543477773666382
414.040055036545,1,-0.507458448410034,-0.512037813663483,0.106514036655426,0.00234091095626354,0.0502053014934063,-0.838378012180328,0.542767226696014
414.051118850708,1,-0.506901443004608,-0.510802507400513,0.106253333389759,0.00653539737686515,0.0527086034417152,-0.838400483131409,0.542460918426514
414.070627689362,1,-0.50583153963089,-0.510271430015564,0.10623624920845,0.010283101350069,0.0520264506340027,-0.837933003902435,0.54319030046463
414.090322971344,1,-0.506099045276642,-0.511182487010956,0.106391869485378,0.00763154868036509,0.049957413226366,-0.838118612766266,0.543142080307007
414.124409914017,1,-0.506604552268982,-0.511678755283356,0.106452360749245,0.00562370335683227,0.0497310683131218,-0.838193833827972,0.543071269989014
414.136501789093,1,-0.50697135925293,-0.511088967323303,0.106278166174889,0.00550129171460867,0.0519041270017624,-0.838226974010468,0.542817950248718
414.15200304985,1,-0.506588876247406,-0.510929703712463,0.106162287294865,0.00641078781336546,0.0516961701214314,-0.83861643075943,0.542225897312164
414.170357704163,1,-0.506302893161774,-0.511032819747925,0.106282919645309,0.00667642476037145,0.0510165318846703,-0.838771462440491,0.542047142982483
414.195808887482,1,-0.506421446800232,-0.510882914066315,0.106261879205704,0.00673529226332903,0.0516087114810944,-0.838815867900848,0.541921854019165
414.214988231659,1,-0.50660902261734,-0.511461496353149,0.106195524334908,0.00586597947403789,0.0500280000269413,-0.838541209697723,0.542504787445068
414.231148004532,1,-0.506838440895081,-0.511345326900482,0.106111600995064,0.00558143062517047,0.0505612455308437,-0.837897121906281,0.543452620506287
414.254023551941,1,-0.506552755832672,-0.510747015476227,0.106108702719212,0.00744908722117543,0.0509892143309116,-0.838343024253845,0.542702317237854
414.27280330658,1,-0.506219804286957,-0.510329127311707,0.106095112860203,0.00899062305688858,0.0515115186572075,-0.837617337703705,0.543749034404755
414.293333053589,1,-0.506419241428375,-0.511091470718384,0.106117129325867,0.00717767607420683,0.0497655235230923,-0.837944328784943,0.543434739112854
414.310189962387,1,-0.506770014762878,-0.511298179626465,0.106067717075348,0.00606044987216592,0.0497611723840237,-0.83829402923584,0.54290908575058
414.331481218338,1,-0.506771206855774,-0.510787904262543,0.10597188770771,0.00709283165633678,0.0512609593570232,-0.837747514247894,0.543600142002106
414.35132598877,1,-0.506384253501892,-0.510854065418243,0.106090769171715,0.00784811936318874,0.0496653877198696,-0.838214814662933,0.543017208576202
414.381883382797,1,-0.50630509853363,-0.510875701904297,0.106105878949165,0.00790888629853725,0.0494263023138046,-0.837689816951752,0.543847680091858
414.392778635025,1,-0.506209075450897,-0.510350823402405,0.105882152915001,0.00918273814022541,0.0505651384592056,-0.837704539299011,0.543700218200684
414.411222457886,1,-0.506776034832001,-0.511941969394684,0.105974808335304,0.0049810316413641,0.0472075194120407,-0.838112473487854,0.543428063392639
414.430908441544,1,-0.507135510444641,-0.511727154254913,0.105964124202728,0.00439418200403452,0.0483117327094078,-0.837767004966736,0.543868780136108
414.462891340256,1,-0.506859660148621,-0.510351955890656,0.105783626437187,0.00767057435587049,0.0512754991650581,-0.837659955024719,0.543725907802582
414.471422433853,1,-0.506411850452423,-0.51002311706543,0.105735756456852,0.0093076229095459,0.0510749369859695,-0.837799370288849,0.543504536151886
414.489761829376,1,-0.506300330162048,-0.510129690170288,0.105717726051807,0.00917693134397268,0.0505616590380669,-0.837659895420074,0.543769478797913
414.519100427628,1,-0.506532728672028,-0.510684251785278,0.105728223919868,0.0074746934697032,0.0496745333075523,-0.837800025939941,0.543661415576935
414.529396772385,1,-0.506613194942474,-0.51101690530777,0.105606161057949,0.00721856392920017,0.0492420606315136,-0.83796763420105,0.543445825576782
414.550681352615,1,-0.506635367870331,-0.510136544704437,0.105519890785217,0.00877960119396448,0.0514956824481487,-0.838071882724762,0.543053150177002
414.570287227631,1,-0.506870448589325,-0.510667622089386,0.105710819363594,0.00695246271789074,0.050429679453373,-0.838162243366241,0.54304027557373
414.589947938919,1,-0.506568908691406,-0.510529398918152,0.105799153447151,0.00773773016408086,0.050145510584116,-0.837904214859009,0.543453991413116
414.609935760498,1,-0.5063556432724,-0.510355591773987,0.105558261275291,0.00868647079914808,0.0503292679786682,-0.837887406349182,0.543448626995087
414.632293462753,1,-0.506544709205627,-0.511303961277008,0.10559119284153,0.00689214514568448,0.0480789057910442,-0.838200867176056,0.543194472789764
414.649558067322,1,-0.507015943527222,-0.511214792728424,0.105634100735188,0.00558403274044394,0.0492242686450481,-0.83788526058197,0.54359370470047
414.67777466774,1,-0.507047414779663,-0.510405898094177,0.105513378977776,0.00680789817124605,0.0514490716159344,-0.837827265262604,0.543463289737701
414.689262628555,1,-0.506286323070526,-0.509831070899963,0.105412051081657,0.00982503779232502,0.0513909421861172,-0.838269770145416,0.542739570140839
414.709561347961,1,-0.50626814365387,-0.510306656360626,0.105417899787426,0.00883428938686848,0.0503038354218006,-0.838027894496918,0.543231844902039
414.738770484924,1,-0.506619513034821,-0.510788440704346,0.105488382279873,0.00700843101367354,0.0495683364570141,-0.838400363922119,0.54275107383728
414.749978780746,1,-0.506670892238617,-0.510623514652252,0.105377040803432,0.00735080661252141,0.0502091273665428,-0.838650763034821,0.542300701141357
414.770299196243,1,-0.506918013095856,-0.510368406772614,0.105260893702507,0.00701359286904335,0.0515611134469509,-0.838385403156281,0.542588531970978
414.796023130417,1,-0.507015943527222,-0.510918915271759,0.105378150939941,0.00550599256530404,0.0501905642449856,-0.83894294500351,0.541872143745422
414.810103178024,1,-0.506616473197937,-0.509973168373108,0.105200543999672,0.00819145794957876,0.0520473793148994,-0.838554322719574,0.542264461517334
414.829892635345,1,-0.506440103054047,-0.509407460689545,0.105081990361214,0.00977087486535311,0.0534311309456825,-0.838451743125916,0.542262315750122
414.857293605804,1,-0.506940186023712,-0.511327803134918,0.105342671275139,0.00493580149486661,0.0490868948400021,-0.838702738285065,0.542350471019745
414.869466781616,1,-0.507212817668915,-0.511427819728851,0.105368614196777,0.00380329508334398,0.0492569878697395,-0.838801026344299,0.542191922664642
414.890338420868,1,-0.506707787513733,-0.510648667812347,0.10512550920248,0.00648670410737395,0.050302617251873,-0.838673293590546,0.542268097400665
414.918577194214,1,-0.506578266620636,-0.510667085647583,0.105124101042747,0.00677104108035564,0.0494211688637733,-0.838473856449127,0.542654037475586
414.93023109436,1,-0.506539344787598,-0.510103642940521,0.104972660541534,0.00789249408990145,0.050702340900898,-0.837676048278809,0.54375159740448
414.95089006424,1,-0.506754457950592,-0.510951817035675,0.105091214179993,0.00592319294810295,0.0486520491540432,-0.838194966316223,0.543163955211639
414.983737230301,1,-0.506928086280823,-0.511371850967407,0.105081617832184,0.0049328631721437,0.0480484180152416,-0.837800621986389,0.543835639953613
414.992964744568,1,-0.506788969039917,-0.510658442974091,0.104881674051285,0.00645923661068082,0.0497923158109188,-0.837742805480957,0.543751955032349
415.011497974396,1,-0.506723403930664,-0.51053386926651,0.10493940860033,0.00658287201076746,0.0500204488635063,-0.838200569152832,0.543023526668549
415.039014101028,1,-0.506800353527069,-0.510722160339355,0.105069078505039,0.0059203552082181,0.0500568225979805,-0.838150501251221,0.543105065822601
415.052469968796,1,-0.506735026836395,-0.510018348693848,0.104868739843369,0.00741123175248504,0.0521993935108185,-0.838155746459961,0.542876839637756
415.070145130157,1,-0.506626904010773,-0.510562121868134,0.104733236134052,0.00692663202062249,0.0506157949566841,-0.838600635528564,0.542345881462097
415.090309858322,1,-0.50693678855896,-0.510954678058624,0.104856334626675,0.00530875334516168,0.0499660819768906,-0.838675558567047,0.542308568954468
415.122723817825,1,-0.50703901052475,-0.511098980903625,0.104999162256718,0.00464072404429317,0.0497393161058426,-0.839066445827484,0.541730582714081
415.134481668472,1,-0.506467163562775,-0.510436952114105,0.104886546730995,0.00728623848408461,0.0503277592360973,-0.838677108287811,0.542249739170074
415.151630401611,1,-0.506568670272827,-0.510952055454254,0.104850649833679,0.00610913522541523,0.0488970056176186,-0.838419616222382,0.542793154716492
415.176321268082,1,-0.506876826286316,-0.511945903301239,0.104863554239273,0.00382222537882626,0.0467928238213062,-0.838135242462158,0.543438315391541
415.195209980011,1,-0.506917595863342,-0.511331975460052,0.104788474738598,0.00484875263646245,0.0482369959354401,-0.838141262531281,0.543294548988342
415.211286067963,1,-0.506546199321747,-0.51056319475174,0.104641154408455,0.00701073324307799,0.0494390837848186,-0.838129043579102,0.543181777000427
415.230191707611,1,-0.506430983543396,-0.510740518569946,0.10464046895504,0.00683666346594691,0.0488145612180233,-0.838174998760223,0.543169498443604
415.27105474472,1,-0.506892800331116,-0.511130273342133,0.104667529463768,0.00494734290987253,0.0488707385957241,-0.838142037391663,0.543235838413239
415.273368358612,1,-0.506746113300323,-0.510787904262543,0.104495719075203,0.00633463962003589,0.049599077552557,-0.838273108005524,0.542953133583069
415.291280031204,1,-0.506528854370117,-0.51056569814682,0.104464031755924,0.00712827872484922,0.0498299151659012,-0.838407576084137,0.542714595794678
415.31211233139,1,-0.50664871931076,-0.511323153972626,0.104801654815674,0.00545877357944846,0.0480818562209606,-0.838401913642883,0.542900145053864
415.330683231354,1,-0.506740748882294,-0.511607110500336,0.104808196425438,0.00508021982386708,0.0476799421012402,-0.838683009147644,0.542505025863647
415.3633685112,1,-0.506586015224457,-0.510861754417419,0.104579098522663,0.00719498936086893,0.0494162105023861,-0.838323295116425,0.542881488800049
415.376096963882,1,-0.506346523761749,-0.510928630828857,0.104585207998753,0.00748927099630237,0.0486011393368244,-0.83851283788681,0.542658507823944
415.390832424164,1,-0.506335616111755,-0.511376321315765,0.104679435491562,0.00675518019124866,0.0474070943892002,-0.838034927845001,0.543511271476746
415.410992860794,1,-0.506517052650452,-0.511730253696442,0.104522839188576,0.00617495179176331,0.0467432588338852,-0.837579011917114,0.544277906417847
415.451328277588,1,-0.506506979465485,-0.511646509170532,0.104461371898651,0.00664355792105198,0.0460156463086605,-0.837628185749054,0.544258594512939
415.455557346344,1,-0.506503045558929,-0.511407911777496,0.104466482996941,0.00690473802387714,0.0464127250015736,-0.837130486965179,0.544986963272095
415.470440149307,1,-0.506007611751556,-0.511134207248688,0.104448758065701,0.0090454239398241,0.045807808637619,-0.837038218975067,0.545148551464081
415.491525411606,1,-0.506277799606323,-0.511677145957947,0.104456342756748,0.00788004975765944,0.0446491502225399,-0.836760818958282,0.545688271522522
415.531255960464,1,-0.506498038768768,-0.512247562408447,0.104457393288612,0.00682804919779301,0.0435929745435715,-0.836277544498444,0.546528041362762
415.534143447876,1,-0.506574094295502,-0.512665390968323,0.104539722204208,0.0060202400200069,0.042436670511961,-0.837029635906219,0.545476257801056
415.551104307175,1,-0.50667017698288,-0.512670934200287,0.104554116725922,0.00521272839978337,0.0429441258311272,-0.836783647537231,0.545822143554688
415.570506334305,1,-0.506190836429596,-0.511940538883209,0.104325748980045,0.00758393108844757,0.0445047207176685,-0.837104618549347,0.545176923274994
415.615323066711,1,-0.505828261375427,-0.511823296546936,0.104013890028,0.00854442082345486,0.0446139834821224,-0.837303221225739,0.544848501682281
415.617512702942,1,-0.505905330181122,-0.512419402599335,0.100033953785896,0.00686369324102998,0.0448305010795593,-0.837091445922852,0.545179963111877
415.630558013916,1,-0.506176233291626,-0.512678742408752,0.0914204567670822,0.00436167838051915,0.0461298599839211,-0.837632477283478,0.544265508651733
415.651488542557,1,-0.50601452589035,-0.51141220331192,0.0868067443370819,0.00753769092261791,0.0482702627778053,-0.83560448884964,0.547154903411865
415.67939209938,1,-0.506057262420654,-0.509362876415253,0.0867796838283539,0.0117678763344884,0.0514725111424923,-0.832574665546417,0.551390647888184
415.700277805328,1,-0.50626540184021,-0.511348247528076,0.0869723409414291,0.00947048794478178,0.0424928702414036,-0.833285510540009,0.551126062870026
415.712625741959,1,-0.505132734775543,-0.511958181858063,0.0866498947143555,0.0129209188744426,0.037600189447403,-0.831664443016052,0.553853273391724
415.72939658165,1,-0.504323303699493,-0.511185884475708,0.0863977819681168,0.0173279792070389,0.039463322609663,-0.830578148365021,0.555231690406799
415.752081394196,1,-0.505089938640594,-0.509638071060181,0.0871794894337654,0.0171033143997192,0.0462282449007034,-0.832530856132507,0.551781594753265
415.770793676376,1,-0.506126701831818,-0.508349418640137,0.088829293847084,0.0150102414190769,0.0527776442468166,-0.8353670835495,0.546947002410889
415.789661407471,1,-0.506167888641357,-0.508977234363556,0.0917513221502304,0.0127340350300074,0.0514790862798691,-0.837107837200165,0.544461488723755
415.817996263504,1,-0.506673157215118,-0.509833931922913,0.0960031747817993,0.00951811950653791,0.0506228879094124,-0.837574541568756,0.543889462947845
415.829591989517,1,-0.506123125553131,-0.509664952754974,0.101439341902733,0.0108464369550347,0.0503956973552704,-0.837472379207611,0.544042885303497
415.850305557251,1,-0.506964981555939,-0.513082563877106,0.105892658233643,0.00183117145206779,0.0437146164476871,-0.839373826980591,0.541790783405304
415.881831407547,1,-0.506117880344391,-0.512459874153137,0.108234539628029,0.005324502941221,0.0459165759384632,-0.840335845947266,0.540091693401337
415.890432834625,1,-0.505709648132324,-0.511189579963684,0.110894873738289,0.00805451907217503,0.0504468679428101,-0.840327680110931,0.539666295051575
415.91065621376,1,-0.507326781749725,-0.51198548078537,0.11472761631012,0.00259419111534953,0.0527942217886448,-0.842170178890228,0.536614716053009
415.947184085846,1,-0.510545551776886,-0.512519240379333,0.118434555828571,-0.00468250270932913,0.0576831437647343,-0.845071792602539,0.531511306762695
415.952979564667,1,-0.51287305355072,-0.512010514736176,0.121997721493244,-0.00713689718395472,0.0637418106198311,-0.847436904907227,0.527007400989532
415.970785617828,1,-0.513816833496094,-0.510203421115875,0.125116527080536,-0.00424332544207573,0.0710626840591431,-0.84902822971344,0.523529529571533
415.990052461624,1,-0.513051509857178,-0.510198950767517,0.127816841006279,-0.00124229898210615,0.0721920132637024,-0.849439740180969,0.522722542285919
416.019944906235,1,-0.511638343334198,-0.511855900287628,0.129467397928238,-0.000286416674498469,0.0694149509072304,-0.849465608596802,0.52305805683136
416.03049492836,1,-0.509522795677185,-0.514374792575836,0.130660459399223,0.000520323868840933,0.0643375143408775,-0.849848806858063,0.523084580898285
416.050023794174,1,-0.507379174232483,-0.515768051147461,0.131748169660568,0.00344287673942745,0.0626677200198174,-0.85081535577774,0.52170318365097
416.070576429367,1,-0.505250692367554,-0.516512989997864,0.133010417222977,0.00777614628896117,0.0634795352816582,-0.851926684379578,0.519741177558899
416.097641706467,1,-0.503372669219971,-0.519194364547729,0.134923756122589,0.00926833134144545,0.0606301687657833,-0.853004932403564,0.518286287784576
416.110062360764,1,-0.501611292362213,-0.521568477153778,0.136849299073219,0.0121519053354859,0.0605158545076847,-0.854062736034393,0.516495048999786
416.130426883698,1,-0.499963939189911,-0.525024592876434,0.138612180948257,0.014597600325942,0.0597005262970924,-0.855705976486206,0.513799667358398
